Workbook
Name L_Bauteile: Stammdaten!$A$5:$A$41
Name L_Lagen: Stammdaten!$B$5:$B$41
Name L_Material: Stammdaten!$D$5:$D$41
Name L_Dichte: Stammdaten!$E$5:$E$41
Name L_Glanz: Stammdaten!$G$5:$G$41
Name L_Struktur: Stammdaten!$H$5:$H$41
Name L_Seite: Stammdaten!$I$5:$I$41
Name L_Lieferung: Stammdaten!$J$5:$J$41
Name L_JaNein: Stammdaten!$K$5:$K$6
Name L_Tafel: Stammdaten!$M$5:$M$41
Name L_TafelB: Stammdaten!$N$5:$N$41
Name L_TafelL: Stammdaten!$O$5:$O$41
Name P_NR: Projekt!$C$6
Name P_NAME: Projekt!$C$7
Name P_ADRESSE: Projekt!$C$8
Name P_KUNDE: Projekt!$C$9
Name P_KONTAKT: Projekt!$C$10
Name P_PL: Projekt!$C$11
Name P_DATUM: Projekt!$C$12
Name P_BEARBEITER: Projekt!$C$13
Name P_BESCHICHTER: Projekt!$F$6
Name P_RAL: Projekt!$F$7
Name P_GLANZ: Projekt!$F$8
Name P_STRUKTUR: Projekt!$F$9
Name P_SEITE: Projekt!$F$10
Name P_TERMIN: Projekt!$F$11
Name P_LIEFERUNG: Projekt!$F$12
Name P_QUALI: Projekt!$F$13
Name P_MAT: Projekt!$C$16
Name P_DICKE: Projekt!$C$17
Name P_BESCH: Projekt!$C$18
Name P_VERSCHNITT: Projekt!$F$16
Name P_TAFEL: Projekt!$F$17
Name P_NOTIZ: Projekt!$B$21

Sheet Projekt
F1: MATERIALAUSZUG
F2: =IF(P_NR="","Projekt",P_NR&" · "&P_NAME)
B5: PROJEKT | E5: BESCHICHTUNG
B6: Projekt-Nr. | C6: {{NR}} | E6: Beschichter (Firma) | F6: {{BESCHICHTER}}
B7: Projekt | C7: {{NAME}} | E7: Farbe / RAL
B8: Adresse / Baustelle | C8: {{ADRESSE}} | E8: Glanzgrad
B9: Kunde | C9: {{KUNDE}} | E9: Struktur
B10: Kontaktperson Kunde | C10: {{KONTAKT}} | E10: Beschichtungsseite | F10: Sichtseite
B11: Projektleiter 2R | C11: {{PL}} | E11: Liefertermin gewünscht
B12: Datum | C12: {{DATUM}} | E12: Lieferung / Abholung | F12: Anlieferung durch 2R
B13: Bearbeiter | C13: {{BEARBEITER}} | E13: Qualität / Norm
B15: STANDARDWERTE – gelten, wenn in den Positionen leer
B16: Material | C16: Aluminium | E16: Verschnitt | F16: 0.15
B17: Dicke (mm) | C17: 2 | E17: Tafelformat | F17: 1250 × 2500
B18: Beschichten | C18: Ja
B20: BEMERKUNG / NOTIZ / SKIZZE
B29: SO FUNKTIONIERT'S
B30: 1. Hier Projekt- und Beschichtungsangaben prüfen (von der App vorausgefüllt).
B31: 2. Blatt «Positionen»: pro Zeile ein Bauteil – Abwicklung, Länge, Anzahl. Weisse Spalten ausfüllen.
B32: 3. Blaue Spalten (lfm, m², kg) rechnen automatisch. Leere Material/Dicke/Beschichten = Standardwerte oben.
B33: 4. «Beschichtungsauftrag» = alle Positionen mit Beschichten «Ja» – druckfertig für den Beschichter.
B34: 5. «Materialauszug» = Summen nach Bauteil, Material/Dicke und Fassade (Stk · lfm · m² · kg).
B35: 6. «Tafelbedarf» = Anzahl Tafeln pro Material/Dicke inkl. Verschnitt und Längen-Warnung.
B36: 7. «Packliste» = alle Teile nach Fassade sortiert zum Abhaken beim Verladen/Abladen.
B37: 8. Auswahllisten (Bauteile, Fassaden, Material, Tafelformate) im Blatt «Stammdaten» ergänzen.

Sheet Positionen
A1: POSITIONEN | D1: =IF(P_NR="","",P_NR&" · "&P_NAME) | P1: =MAX(25,SUMPRODUCT(MAX((B6:B205<>"")*ROW(B6:B205))))
A2: Weisse Spalten ausfüllen · blaue Spalten (lfm, m², kg) rechnen automatisch · Material, Dicke, Beschichten und Farbe leer = Standardwerte aus Blatt «Projekt».
H3: =SUM(H6:H205) | J3: Total | K3: =SUM(K6:K205) | L3: =SUM(L6:L205) | M3: =SUM(M6:M205)
A4: Bsp. | B4: Brüstungsblech | C4: Südfassade | D4: Aluminium | E4: 2 | F4: 320 | G4: 2450 | H4: 6 | I4: Ja | J4: RAL 7016 | K4: 14.7 | L4: 4.704 | M4: 25.4 | N4: Beispiel – so wird ausgefüllt (wird nicht mitgerechnet) | P4: Hilfsspalten – nicht ändern
A5: Pos. | B5: Bauteil | C5: Lage / Fassade | D5: Material | E5: Dicke mm | F5: Abwicklung mm | G5: Länge mm | H5: Anzahl Stk | I5: Beschich- ten | J5: Farbe / RAL | K5: lfm auto | L5: m² auto | M5: kg auto | N5: Bemerkung | P5: Material eff. | Q5: Dicke eff. | R5: Beschichten eff. | S5: Farbe eff. | T5: Material·Dicke | U5: Nr. Beschichtung | V5: Nr. Bauteil | W5: Nr. Mat·Dicke | X5: Lage eff. | Y5: Nr. Lage | Z5: Sortierung Packliste | AA5: Teile pro Tafel | AB5: Tafeln (Zuschnitt) | AC5: Nr. Position
K6: =IF(OR($G6="",$H6=""),"",$G6*$H6/1000) | L6: =IF(OR(K6="",$F6=""),"",K6*$F6/1000) | M6: =IF(OR(L6="",Q6=""),"",IFERROR(L6*Q6*INDEX(L_Dichte,MATCH(P6,L_Material,0)),"")) | P6: =IF($B6="","",IF($D6="",P_MAT,$D6)) | Q6: =IF($B6="","",IF($E6="",P_DICKE,$E6)) | R6: =IF($B6="","",IF($I6="",P_BESCH,$I6)) | S6: =IF(R6<>"Ja","",IF($J6="",P_RAL,$J6)) | T6: =IF($B6="","",P6&" · "&Q6&" mm") | U6: =IF(R6="Ja",COUNTIF($R$6:R6,"Ja"),"") | V6: =IF($B6="","",IF(COUNTIF($B$6:$B6,$B6)=1,MAX($V$5:V5)+1,"")) | W6: =IF(T6="","",IF(COUNTIF($T$6:T6,T6)=1,MAX($W$5:W5)+1,"")) | X6: =IF($B6="","",IF($C6="","– ohne Angabe –",$C6)) | Y6: =IF(X6="","",IF(COUNTIF($X$6:X6,X6)=1,MAX($Y$5:Y5)+1,"")) | Z6: =IF($B6="","",INDEX($Y$6:$Y$205,MATCH(X6,$X$6:$X$205,0))*1000+ROW()-5) | AA6: =IF(OR($F6="",$G6="",T6=""),"",IFERROR(MAX(INT(INDEX(Tafelbedarf!$O$9:$O$48,MATCH(T6,Tafelbedarf!$A$9:$A$48,0))/$F6)*INT(INDEX(Tafelbedarf!$P$9:$P$48,MATCH(T6,Tafelbedarf!$A$9:$A$48,0))/$G6),INT(INDEX(Tafelbedarf!$P$9:$P$48,MATCH(T6,Tafelbedarf!$A$9:$A$48,0))/$F6)*INT(INDEX(Tafelbedarf!$O$9:$O$48,MATCH(T6,Tafelbedarf!$A$9:$A$48,0))/$G6)),"")) | AB6: =IF(OR(AA6="",$H6=""),"",IF(AA6=0,"",ROUNDUP($H6/AA6,0))) | AC6: =IF($B6="","",COUNTIF($B$6:$B6,"?*"))
K7: =IF(OR($G7="",$H7=""),"",$G7*$H7/1000) | L7: =IF(OR(K7="",$F7=""),"",K7*$F7/1000) | M7: =IF(OR(L7="",Q7=""),"",IFERROR(L7*Q7*INDEX(L_Dichte,MATCH(P7,L_Material,0)),"")) | P7: =IF($B7="","",IF($D7="",P_MAT,$D7)) | Q7: =IF($B7="","",IF($E7="",P_DICKE,$E7)) | R7: =IF($B7="","",IF($I7="",P_BESCH,$I7)) | S7: =IF(R7<>"Ja","",IF($J7="",P_RAL,$J7)) | T7: =IF($B7="","",P7&" · "&Q7&" mm") | U7: =IF(R7="Ja",COUNTIF($R$6:R7,"Ja"),"") | V7: =IF($B7="","",IF(COUNTIF($B$6:$B7,$B7)=1,MAX($V$5:V6)+1,"")) | W7: =IF(T7="","",IF(COUNTIF($T$6:T7,T7)=1,MAX($W$5:W6)+1,"")) | X7: =IF($B7="","",IF($C7="","– ohne Angabe –",$C7)) | Y7: =IF(X7="","",IF(COUNTIF($X$6:X7,X7)=1,MAX($Y$5:Y6)+1,"")) | Z7: =IF($B7="","",INDEX($Y$6:$Y$205,MATCH(X7,$X$6:$X$205,0))*1000+ROW()-5) | AA7: =IF(OR($F7="",$G7="",T7=""),"",IFERROR(MAX(INT(INDEX(Tafelbedarf!$O$9:$O$48,MATCH(T7,Tafelbedarf!$A$9:$A$48,0))/$F7)*INT(INDEX(Tafelbedarf!$P$9:$P$48,MATCH(T7,Tafelbedarf!$A$9:$A$48,0))/$G7),INT(INDEX(Tafelbedarf!$P$9:$P$48,MATCH(T7,Tafelbedarf!$A$9:$A$48,0))/$F7)*INT(INDEX(Tafelbedarf!$O$9:$O$48,MATCH(T7,Tafelbedarf!$A$9:$A$48,0))/$G7)),"")) | AB7: =IF(OR(AA7="",$H7=""),"",IF(AA7=0,"",ROUNDUP($H7/AA7,0))) | AC7: =IF($B7="","",COUNTIF($B$6:$B7,"?*"))
K8: =IF(OR($G8="",$H8=""),"",$G8*$H8/1000) | L8: =IF(OR(K8="",$F8=""),"",K8*$F8/1000) | M8: =IF(OR(L8="",Q8=""),"",IFERROR(L8*Q8*INDEX(L_Dichte,MATCH(P8,L_Material,0)),"")) | P8: =IF($B8="","",IF($D8="",P_MAT,$D8)) | Q8: =IF($B8="","",IF($E8="",P_DICKE,$E8)) | R8: =IF($B8="","",IF($I8="",P_BESCH,$I8)) | S8: =IF(R8<>"Ja","",IF($J8="",P_RAL,$J8)) | T8: =IF($B8="","",P8&" · "&Q8&" mm") | U8: =IF(R8="Ja",COUNTIF($R$6:R8,"Ja"),"") | V8: =IF($B8="","",IF(COUNTIF($B$6:$B8,$B8)=1,MAX($V$5:V7)+1,"")) | W8: =IF(T8="","",IF(COUNTIF($T$6:T8,T8)=1,MAX($W$5:W7)+1,"")) | X8: =IF($B8="","",IF($C8="","– ohne Angabe –",$C8)) | Y8: =IF(X8="","",IF(COUNTIF($X$6:X8,X8)=1,MAX($Y$5:Y7)+1,"")) | Z8: =IF($B8="","",INDEX($Y$6:$Y$205,MATCH(X8,$X$6:$X$205,0))*1000+ROW()-5) | AA8: =IF(OR($F8="",$G8="",T8=""),"",IFERROR(MAX(INT(INDEX(Tafelbedarf!$O$9:$O$48,MATCH(T8,Tafelbedarf!$A$9:$A$48,0))/$F8)*INT(INDEX(Tafelbedarf!$P$9:$P$48,MATCH(T8,Tafelbedarf!$A$9:$A$48,0))/$G8),INT(INDEX(Tafelbedarf!$P$9:$P$48,MATCH(T8,Tafelbedarf!$A$9:$A$48,0))/$F8)*INT(INDEX(Tafelbedarf!$O$9:$O$48,MATCH(T8,Tafelbedarf!$A$9:$A$48,0))/$G8)),"")) | AB8: =IF(OR(AA8="",$H8=""),"",IF(AA8=0,"",ROUNDUP($H8/AA8,0))) | AC8: =IF($B8="","",COUNTIF($B$6:$B8,"?*"))
K9: =IF(OR($G9="",$H9=""),"",$G9*$H9/1000) | L9: =IF(OR(K9="",$F9=""),"",K9*$F9/1000) | M9: =IF(OR(L9="",Q9=""),"",IFERROR(L9*Q9*INDEX(L_Dichte,MATCH(P9,L_Material,0)),"")) | P9: =IF($B9="","",IF($D9="",P_MAT,$D9)) | Q9: =IF($B9="","",IF($E9="",P_DICKE,$E9)) | R9: =IF($B9="","",IF($I9="",P_BESCH,$I9)) | S9: =IF(R9<>"Ja","",IF($J9="",P_RAL,$J9)) | T9: =IF($B9="","",P9&" · "&Q9&" mm") | U9: =IF(R9="Ja",COUNTIF($R$6:R9,"Ja"),"") | V9: =IF($B9="","",IF(COUNTIF($B$6:$B9,$B9)=1,MAX($V$5:V8)+1,"")) | W9: =IF(T9="","",IF(COUNTIF($T$6:T9,T9)=1,MAX($W$5:W8)+1,"")) | X9: =IF($B9="","",IF($C9="","– ohne Angabe –",$C9)) | Y9: =IF(X9="","",IF(COUNTIF($X$6:X9,X9)=1,MAX($Y$5:Y8)+1,"")) | Z9: =IF($B9="","",INDEX($Y$6:$Y$205,MATCH(X9,$X$6:$X$205,0))*1000+ROW()-5) | AA9: =IF(OR($F9="",$G9="",T9=""),"",IFERROR(MAX(INT(INDEX(Tafelbedarf!$O$9:$O$48,MATCH(T9,Tafelbedarf!$A$9:$A$48,0))/$F9)*INT(INDEX(Tafelbedarf!$P$9:$P$48,MATCH(T9,Tafelbedarf!$A$9:$A$48,0))/$G9),INT(INDEX(Tafelbedarf!$P$9:$P$48,MATCH(T9,Tafelbedarf!$A$9:$A$48,0))/$F9)*INT(INDEX(Tafelbedarf!$O$9:$O$48,MATCH(T9,Tafelbedarf!$A$9:$A$48,0))/$G9)),"")) | AB9: =IF(OR(AA9="",$H9=""),"",IF(AA9=0,"",ROUNDUP($H9/AA9,0))) | AC9: =IF($B9="","",COUNTIF($B$6:$B9,"?*"))
K10: =IF(OR($G10="",$H10=""),"",$G10*$H10/1000) | L10: =IF(OR(K10="",$F10=""),"",K10*$F10/1000) | M10: =IF(OR(L10="",Q10=""),"",IFERROR(L10*Q10*INDEX(L_Dichte,MATCH(P10,L_Material,0)),"")) | P10: =IF($B10="","",IF($D10="",P_MAT,$D10)) | Q10: =IF($B10="","",IF($E10="",P_DICKE,$E10)) | R10: =IF($B10="","",IF($I10="",P_BESCH,$I10)) | S10: =IF(R10<>"Ja","",IF($J10="",P_RAL,$J10)) | T10: =IF($B10="","",P10&" · "&Q10&" mm") | U10: =IF(R10="Ja",COUNTIF($R$6:R10,"Ja"),"") | V10: =IF($B10="","",IF(COUNTIF($B$6:$B10,$B10)=1,MAX($V$5:V9)+1,"")) | W10: =IF(T10="","",IF(COUNTIF($T$6:T10,T10)=1,MAX($W$5:W9)+1,"")) | X10: =IF($B10="","",IF($C10="","– ohne Angabe –",$C10)) | Y10: =IF(X10="","",IF(COUNTIF($X$6:X10,X10)=1,MAX($Y$5:Y9)+1,"")) | Z10: =IF($B10="","",INDEX($Y$6:$Y$205,MATCH(X10,$X$6:$X$205,0))*1000+ROW()-5) | AA10: =IF(OR($F10="",$G10="",T10=""),"",IFERROR(MAX(INT(INDEX(Tafelbedarf!$O$9:$O$48,MATCH(T10,Tafelbedarf!$A$9:$A$48,0))/$F10)*INT(INDEX(Tafelbedarf!$P$9:$P$48,MATCH(T10,Tafelbedarf!$A$9:$A$48,0))/$G10),INT(INDEX(Tafelbedarf!$P$9:$P$48,MATCH(T10,Tafelbedarf!$A$9:$A$48,0))/$F10)*INT(INDEX(Tafelbedarf!$O$9:$O$48,MATCH(T10,Tafelbedarf!$A$9:$A$48,0))/$G10)),"")) | AB10: =IF(OR(AA10="",$H10=""),"",IF(AA10=0,"",ROUNDUP($H10/AA10,0))) | AC10: =IF($B10="","",COUNTIF($B$6:$B10,"?*"))
K11: =IF(OR($G11="",$H11=""),"",$G11*$H11/1000) | L11: =IF(OR(K11="",$F11=""),"",K11*$F11/1000) | M11: =IF(OR(L11="",Q11=""),"",IFERROR(L11*Q11*INDEX(L_Dichte,MATCH(P11,L_Material,0)),"")) | P11: =IF($B11="","",IF($D11="",P_MAT,$D11)) | Q11: =IF($B11="","",IF($E11="",P_DICKE,$E11)) | R11: =IF($B11="","",IF($I11="",P_BESCH,$I11)) | S11: =IF(R11<>"Ja","",IF($J11="",P_RAL,$J11)) | T11: =IF($B11="","",P11&" · "&Q11&" mm") | U11: =IF(R11="Ja",COUNTIF($R$6:R11,"Ja"),"") | V11: =IF($B11="","",IF(COUNTIF($B$6:$B11,$B11)=1,MAX($V$5:V10)+1,"")) | W11: =IF(T11="","",IF(COUNTIF($T$6:T11,T11)=1,MAX($W$5:W10)+1,"")) | X11: =IF($B11="","",IF($C11="","– ohne Angabe –",$C11)) | Y11: =IF(X11="","",IF(COUNTIF($X$6:X11,X11)=1,MAX($Y$5:Y10)+1,"")) | Z11: =IF($B11="","",INDEX($Y$6:$Y$205,MATCH(X11,$X$6:$X$205,0))*1000+ROW()-5) | AA11: =IF(OR($F11="",$G11="",T11=""),"",IFERROR(MAX(INT(INDEX(Tafelbedarf!$O$9:$O$48,MATCH(T11,Tafelbedarf!$A$9:$A$48,0))/$F11)*INT(INDEX(Tafelbedarf!$P$9:$P$48,MATCH(T11,Tafelbedarf!$A$9:$A$48,0))/$G11),INT(INDEX(Tafelbedarf!$P$9:$P$48,MATCH(T11,Tafelbedarf!$A$9:$A$48,0))/$F11)*INT(INDEX(Tafelbedarf!$O$9:$O$48,MATCH(T11,Tafelbedarf!$A$9:$A$48,0))/$G11)),"")) | AB11: =IF(OR(AA11="",$H11=""),"",IF(AA11=0,"",ROUNDUP($H11/AA11,0))) | AC11: =IF($B11="","",COUNTIF($B$6:$B11,"?*"))
K12: =IF(OR($G12="",$H12=""),"",$G12*$H12/1000) | L12: =IF(OR(K12="",$F12=""),"",K12*$F12/1000) | M12: =IF(OR(L12="",Q12=""),"",IFERROR(L12*Q12*INDEX(L_Dichte,MATCH(P12,L_Material,0)),"")) | P12: =IF($B12="","",IF($D12="",P_MAT,$D12)) | Q12: =IF($B12="","",IF($E12="",P_DICKE,$E12)) | R12: =IF($B12="","",IF($I12="",P_BESCH,$I12)) | S12: =IF(R12<>"Ja","",IF($J12="",P_RAL,$J12)) | T12: =IF($B12="","",P12&" · "&Q12&" mm") | U12: =IF(R12="Ja",COUNTIF($R$6:R12,"Ja"),"") | V12: =IF($B12="","",IF(COUNTIF($B$6:$B12,$B12)=1,MAX($V$5:V11)+1,"")) | W12: =IF(T12="","",IF(COUNTIF($T$6:T12,T12)=1,MAX($W$5:W11)+1,"")) | X12: =IF($B12="","",IF($C12="","– ohne Angabe –",$C12)) | Y12: =IF(X12="","",IF(COUNTIF($X$6:X12,X12)=1,MAX($Y$5:Y11)+1,"")) | Z12: =IF($B12="","",INDEX($Y$6:$Y$205,MATCH(X12,$X$6:$X$205,0))*1000+ROW()-5) | AA12: =IF(OR($F12="",$G12="",T12=""),"",IFERROR(MAX(INT(INDEX(Tafelbedarf!$O$9:$O$48,MATCH(T12,Tafelbedarf!$A$9:$A$48,0))/$F12)*INT(INDEX(Tafelbedarf!$P$9:$P$48,MATCH(T12,Tafelbedarf!$A$9:$A$48,0))/$G12),INT(INDEX(Tafelbedarf!$P$9:$P$48,MATCH(T12,Tafelbedarf!$A$9:$A$48,0))/$F12)*INT(INDEX(Tafelbedarf!$O$9:$O$48,MATCH(T12,Tafelbedarf!$A$9:$A$48,0))/$G12)),"")) | AB12: =IF(OR(AA12="",$H12=""),"",IF(AA12=0,"",ROUNDUP($H12/AA12,0))) | AC12: =IF($B12="","",COUNTIF($B$6:$B12,"?*"))
K13: =IF(OR($G13="",$H13=""),"",$G13*$H13/1000) | L13: =IF(OR(K13="",$F13=""),"",K13*$F13/1000) | M13: =IF(OR(L13="",Q13=""),"",IFERROR(L13*Q13*INDEX(L_Dichte,MATCH(P13,L_Material,0)),"")) | P13: =IF($B13="","",IF($D13="",P_MAT,$D13)) | Q13: =IF($B13="","",IF($E13="",P_DICKE,$E13)) | R13: =IF($B13="","",IF($I13="",P_BESCH,$I13)) | S13: =IF(R13<>"Ja","",IF($J13="",P_RAL,$J13)) | T13: =IF($B13="","",P13&" · "&Q13&" mm") | U13: =IF(R13="Ja",COUNTIF($R$6:R13,"Ja"),"") | V13: =IF($B13="","",IF(COUNTIF($B$6:$B13,$B13)=1,MAX($V$5:V12)+1,"")) | W13: =IF(T13="","",IF(COUNTIF($T$6:T13,T13)=1,MAX($W$5:W12)+1,"")) | X13: =IF($B13="","",IF($C13="","– ohne Angabe –",$C13)) | Y13: =IF(X13="","",IF(COUNTIF($X$6:X13,X13)=1,MAX($Y$5:Y12)+1,"")) | Z13: =IF($B13="","",INDEX($Y$6:$Y$205,MATCH(X13,$X$6:$X$205,0))*1000+ROW()-5) | AA13: =IF(OR($F13="",$G13="",T13=""),"",IFERROR(MAX(INT(INDEX(Tafelbedarf!$O$9:$O$48,MATCH(T13,Tafelbedarf!$A$9:$A$48,0))/$F13)*INT(INDEX(Tafelbedarf!$P$9:$P$48,MATCH(T13,Tafelbedarf!$A$9:$A$48,0))/$G13),INT(INDEX(Tafelbedarf!$P$9:$P$48,MATCH(T13,Tafelbedarf!$A$9:$A$48,0))/$F13)*INT(INDEX(Tafelbedarf!$O$9:$O$48,MATCH(T13,Tafelbedarf!$A$9:$A$48,0))/$G13)),"")) | AB13: =IF(OR(AA13="",$H13=""),"",IF(AA13=0,"",ROUNDUP($H13/AA13,0))) | AC13: =IF($B13="","",COUNTIF($B$6:$B13,"?*"))
K14: =IF(OR($G14="",$H14=""),"",$G14*$H14/1000) | L14: =IF(OR(K14="",$F14=""),"",K14*$F14/1000) | M14: =IF(OR(L14="",Q14=""),"",IFERROR(L14*Q14*INDEX(L_Dichte,MATCH(P14,L_Material,0)),"")) | P14: =IF($B14="","",IF($D14="",P_MAT,$D14)) | Q14: =IF($B14="","",IF($E14="",P_DICKE,$E14)) | R14: =IF($B14="","",IF($I14="",P_BESCH,$I14)) | S14: =IF(R14<>"Ja","",IF($J14="",P_RAL,$J14)) | T14: =IF($B14="","",P14&" · "&Q14&" mm") | U14: =IF(R14="Ja",COUNTIF($R$6:R14,"Ja"),"") | V14: =IF($B14="","",IF(COUNTIF($B$6:$B14,$B14)=1,MAX($V$5:V13)+1,"")) | W14: =IF(T14="","",IF(COUNTIF($T$6:T14,T14)=1,MAX($W$5:W13)+1,"")) | X14: =IF($B14="","",IF($C14="","– ohne Angabe –",$C14)) | Y14: =IF(X14="","",IF(COUNTIF($X$6:X14,X14)=1,MAX($Y$5:Y13)+1,"")) | Z14: =IF($B14="","",INDEX($Y$6:$Y$205,MATCH(X14,$X$6:$X$205,0))*1000+ROW()-5) | AA14: =IF(OR($F14="",$G14="",T14=""),"",IFERROR(MAX(INT(INDEX(Tafelbedarf!$O$9:$O$48,MATCH(T14,Tafelbedarf!$A$9:$A$48,0))/$F14)*INT(INDEX(Tafelbedarf!$P$9:$P$48,MATCH(T14,Tafelbedarf!$A$9:$A$48,0))/$G14),INT(INDEX(Tafelbedarf!$P$9:$P$48,MATCH(T14,Tafelbedarf!$A$9:$A$48,0))/$F14)*INT(INDEX(Tafelbedarf!$O$9:$O$48,MATCH(T14,Tafelbedarf!$A$9:$A$48,0))/$G14)),"")) | AB14: =IF(OR(AA14="",$H14=""),"",IF(AA14=0,"",ROUNDUP($H14/AA14,0))) | AC14: =IF($B14="","",COUNTIF($B$6:$B14,"?*"))
K15: =IF(OR($G15="",$H15=""),"",$G15*$H15/1000) | L15: =IF(OR(K15="",$F15=""),"",K15*$F15/1000) | M15: =IF(OR(L15="",Q15=""),"",IFERROR(L15*Q15*INDEX(L_Dichte,MATCH(P15,L_Material,0)),"")) | P15: =IF($B15="","",IF($D15="",P_MAT,$D15)) | Q15: =IF($B15="","",IF($E15="",P_DICKE,$E15)) | R15: =IF($B15="","",IF($I15="",P_BESCH,$I15)) | S15: =IF(R15<>"Ja","",IF($J15="",P_RAL,$J15)) | T15: =IF($B15="","",P15&" · "&Q15&" mm") | U15: =IF(R15="Ja",COUNTIF($R$6:R15,"Ja"),"") | V15: =IF($B15="","",IF(COUNTIF($B$6:$B15,$B15)=1,MAX($V$5:V14)+1,"")) | W15: =IF(T15="","",IF(COUNTIF($T$6:T15,T15)=1,MAX($W$5:W14)+1,"")) | X15: =IF($B15="","",IF($C15="","– ohne Angabe –",$C15)) | Y15: =IF(X15="","",IF(COUNTIF($X$6:X15,X15)=1,MAX($Y$5:Y14)+1,"")) | Z15: =IF($B15="","",INDEX($Y$6:$Y$205,MATCH(X15,$X$6:$X$205,0))*1000+ROW()-5) | AA15: =IF(OR($F15="",$G15="",T15=""),"",IFERROR(MAX(INT(INDEX(Tafelbedarf!$O$9:$O$48,MATCH(T15,Tafelbedarf!$A$9:$A$48,0))/$F15)*INT(INDEX(Tafelbedarf!$P$9:$P$48,MATCH(T15,Tafelbedarf!$A$9:$A$48,0))/$G15),INT(INDEX(Tafelbedarf!$P$9:$P$48,MATCH(T15,Tafelbedarf!$A$9:$A$48,0))/$F15)*INT(INDEX(Tafelbedarf!$O$9:$O$48,MATCH(T15,Tafelbedarf!$A$9:$A$48,0))/$G15)),"")) | AB15: =IF(OR(AA15="",$H15=""),"",IF(AA15=0,"",ROUNDUP($H15/AA15,0))) | AC15: =IF($B15="","",COUNTIF($B$6:$B15,"?*"))
K16: =IF(OR($G16="",$H16=""),"",$G16*$H16/1000) | L16: =IF(OR(K16="",$F16=""),"",K16*$F16/1000) | M16: =IF(OR(L16="",Q16=""),"",IFERROR(L16*Q16*INDEX(L_Dichte,MATCH(P16,L_Material,0)),"")) | P16: =IF($B16="","",IF($D16="",P_MAT,$D16)) | Q16: =IF($B16="","",IF($E16="",P_DICKE,$E16)) | R16: =IF($B16="","",IF($I16="",P_BESCH,$I16)) | S16: =IF(R16<>"Ja","",IF($J16="",P_RAL,$J16)) | T16: =IF($B16="","",P16&" · "&Q16&" mm") | U16: =IF(R16="Ja",COUNTIF($R$6:R16,"Ja"),"") | V16: =IF($B16="","",IF(COUNTIF($B$6:$B16,$B16)=1,MAX($V$5:V15)+1,"")) | W16: =IF(T16="","",IF(COUNTIF($T$6:T16,T16)=1,MAX($W$5:W15)+1,"")) | X16: =IF($B16="","",IF($C16="","– ohne Angabe –",$C16)) | Y16: =IF(X16="","",IF(COUNTIF($X$6:X16,X16)=1,MAX($Y$5:Y15)+1,"")) | Z16: =IF($B16="","",INDEX($Y$6:$Y$205,MATCH(X16,$X$6:$X$205,0))*1000+ROW()-5) | AA16: =IF(OR($F16="",$G16="",T16=""),"",IFERROR(MAX(INT(INDEX(Tafelbedarf!$O$9:$O$48,MATCH(T16,Tafelbedarf!$A$9:$A$48,0))/$F16)*INT(INDEX(Tafelbedarf!$P$9:$P$48,MATCH(T16,Tafelbedarf!$A$9:$A$48,0))/$G16),INT(INDEX(Tafelbedarf!$P$9:$P$48,MATCH(T16,Tafelbedarf!$A$9:$A$48,0))/$F16)*INT(INDEX(Tafelbedarf!$O$9:$O$48,MATCH(T16,Tafelbedarf!$A$9:$A$48,0))/$G16)),"")) | AB16: =IF(OR(AA16="",$H16=""),"",IF(AA16=0,"",ROUNDUP($H16/AA16,0))) | AC16: =IF($B16="","",COUNTIF($B$6:$B16,"?*"))
K17: =IF(OR($G17="",$H17=""),"",$G17*$H17/1000) | L17: =IF(OR(K17="",$F17=""),"",K17*$F17/1000) | M17: =IF(OR(L17="",Q17=""),"",IFERROR(L17*Q17*INDEX(L_Dichte,MATCH(P17,L_Material,0)),"")) | P17: =IF($B17="","",IF($D17="",P_MAT,$D17)) | Q17: =IF($B17="","",IF($E17="",P_DICKE,$E17)) | R17: =IF($B17="","",IF($I17="",P_BESCH,$I17)) | S17: =IF(R17<>"Ja","",IF($J17="",P_RAL,$J17)) | T17: =IF($B17="","",P17&" · "&Q17&" mm") | U17: =IF(R17="Ja",COUNTIF($R$6:R17,"Ja"),"") | V17: =IF($B17="","",IF(COUNTIF($B$6:$B17,$B17)=1,MAX($V$5:V16)+1,"")) | W17: =IF(T17="","",IF(COUNTIF($T$6:T17,T17)=1,MAX($W$5:W16)+1,"")) | X17: =IF($B17="","",IF($C17="","– ohne Angabe –",$C17)) | Y17: =IF(X17="","",IF(COUNTIF($X$6:X17,X17)=1,MAX($Y$5:Y16)+1,"")) | Z17: =IF($B17="","",INDEX($Y$6:$Y$205,MATCH(X17,$X$6:$X$205,0))*1000+ROW()-5) | AA17: =IF(OR($F17="",$G17="",T17=""),"",IFERROR(MAX(INT(INDEX(Tafelbedarf!$O$9:$O$48,MATCH(T17,Tafelbedarf!$A$9:$A$48,0))/$F17)*INT(INDEX(Tafelbedarf!$P$9:$P$48,MATCH(T17,Tafelbedarf!$A$9:$A$48,0))/$G17),INT(INDEX(Tafelbedarf!$P$9:$P$48,MATCH(T17,Tafelbedarf!$A$9:$A$48,0))/$F17)*INT(INDEX(Tafelbedarf!$O$9:$O$48,MATCH(T17,Tafelbedarf!$A$9:$A$48,0))/$G17)),"")) | AB17: =IF(OR(AA17="",$H17=""),"",IF(AA17=0,"",ROUNDUP($H17/AA17,0))) | AC17: =IF($B17="","",COUNTIF($B$6:$B17,"?*"))
... K205: =IF(OR($G205="",$H205=""),"",$G205*$H205/1000) | L205: =IF(OR(K205="",$F205=""),"",K205*$F205/1000) | M205: =IF(OR(L205="",Q205=""),"",IFERROR(L205*Q205*INDEX(L_Dichte,MATCH(P205,L_Material,0)),"")) | P205: =IF($B205="","",IF($D205="",P_MAT,$D205)) | Q205: =IF($B205="","",IF($E205="",P_DICKE,$E205)) | R205: =IF($B205="","",IF($I205="",P_BESCH,$I205)) | S205: =IF(R205<>"Ja","",IF($J205="",P_RAL,$J205)) | T205: =IF($B205="","",P205&" · "&Q205&" mm") | U205: =IF(R205="Ja",COUNTIF($R$6:R205,"Ja"),"") | V205: =IF($B205="","",IF(COUNTIF($B$6:$B205,$B205)=1,MAX($V$5:V204)+1,"")) | W205: =IF(T205="","",IF(COUNTIF($T$6:T205,T205)=1,MAX($W$5:W204)+1,"")) | X205: =IF($B205="","",IF($C205="","– ohne Angabe –",$C205)) | Y205: =IF(X205="","",IF(COUNTIF($X$6:X205,X205)=1,MAX($Y$5:Y204)+1,"")) | Z205: =IF($B205="","",INDEX($Y$6:$Y$205,MATCH(X205,$X$6:$X$205,0))*1000+ROW()-5) | AA205: =IF(OR($F205="",$G205="",T205=""),"",IFERROR(MAX(INT(INDEX(Tafelbedarf!$O$9:$O$48,MATCH(T205,Tafelbedarf!$A$9:$A$48,0))/$F205)*INT(INDEX(Tafelbedarf!$P$9:$P$48,MATCH(T205,Tafelbedarf!$A$9:$A$48,0))/$G205),INT(INDEX(Tafelbedarf!$P$9:$P$48,MATCH(T205,Tafelbedarf!$A$9:$A$48,0))/$F205)*INT(INDEX(Tafelbedarf!$O$9:$O$48,MATCH(T205,Tafelbedarf!$A$9:$A$48,0))/$G205)),"")) | AB205: =IF(OR(AA205="",$H205=""),"",IF(AA205=0,"",ROUNDUP($H205/AA205,0))) | AC205: =IF($B205="","",COUNTIF($B$6:$B205,"?*"))

Sheet Beschichtungsauftrag
J1: 2R Metall GmbH | L1: =MAX(1,B25)
J2: Eichwiesstrasse 18a
J3: 8645 Rapperswil-Jona
J4: Telefon +41 44 521 48 48
J5: info@2r-metall.ch
A7: BESCHICHTUNGSAUFTRAG | J7: =IF(P_NR="","","Kommission "&P_NR)
A10: An | B10: =IF(P_BESCHICHTER="","",P_BESCHICHTER) | F10: Datum | H10: =IF(P_DATUM="","",P_DATUM)
A11: Kommission | B11: =IF(P_NR="","",P_NR&" · "&P_NAME) | F11: Kontakt 2R | H11: =IF(P_PL="",IF(P_BEARBEITER="","",P_BEARBEITER),P_PL)
A12: Baustelle | B12: =IF(P_ADRESSE="","",P_ADRESSE) | F12: Liefertermin | H12: =IF(P_TERMIN="","nach Vereinbarung",P_TERMIN)
A14: Farbe / RAL | D14: Glanzgrad | F14: Struktur | H14: Seite | J14: Lieferung
A15: =IF(P_RAL="","",P_RAL) | D15: =IF(P_GLANZ="","",P_GLANZ) | F15: =IF(P_STRUKTUR="","",P_STRUKTUR) | H15: =IF(P_SEITE="","",P_SEITE) | J15: =IF(P_LIEFERUNG="","",P_LIEFERUNG)
A16: =IF(P_QUALI="","","Qualität / Norm: "&P_QUALI)
A18: BEMERKUNG / NOTIZ / SKIZZE
A25: Positionen | B25: =COUNT(Positionen!$U$6:$U$205) | C25: Total Stück | D25: =SUMIFS(Positionen!$H$6:$H$205,Positionen!$R$6:$R$205,"Ja") | E25: Total m² | F25: =SUMIFS(Positionen!$L$6:$L$205,Positionen!$R$6:$R$205,"Ja") | G25: Total lfm | H25: =SUMIFS(Positionen!$K$6:$K$205,Positionen!$R$6:$R$205,"Ja")
A26: Bitte Auftragsbestätigung mit Liefertermin per E-Mail an info@2r-metall.ch. Spezialfarben mit Preisaufschlag bitte vorgängig per E-Mail mitteilen. Preise ohne Lieferung / Abholung. Teile mit Pos.-Nr. und Kommission beschriften.
A29: Pos. | B29: Bauteil | C29: Material | D29: Dicke mm | E29: Abwicklung mm | F29: Länge mm | G29: Anzahl Stk | H29: m² | I29: Farbe / RAL | J29: Bemerkung
A30: =IF(B30="","",INDEX(Positionen!$A$6:$A$205,MATCH(1,Positionen!$U$6:$U$205,0))&"") | B30: =IFERROR(INDEX(Positionen!$B$6:$B$205,MATCH(1,Positionen!$U$6:$U$205,0)),"") | C30: =IF(B30="","",INDEX(Positionen!$P$6:$P$205,MATCH(1,Positionen!$U$6:$U$205,0))) | D30: =IF(B30="","",INDEX(Positionen!$Q$6:$Q$205,MATCH(1,Positionen!$U$6:$U$205,0))) | E30: =IF(B30="","",IF(INDEX(Positionen!$F$6:$F$205,MATCH(1,Positionen!$U$6:$U$205,0))="","",INDEX(Positionen!$F$6:$F$205,MATCH(1,Positionen!$U$6:$U$205,0)))) | F30: =IF(B30="","",IF(INDEX(Positionen!$G$6:$G$205,MATCH(1,Positionen!$U$6:$U$205,0))="","",INDEX(Positionen!$G$6:$G$205,MATCH(1,Positionen!$U$6:$U$205,0)))) | G30: =IF(B30="","",IF(INDEX(Positionen!$H$6:$H$205,MATCH(1,Positionen!$U$6:$U$205,0))="","",INDEX(Positionen!$H$6:$H$205,MATCH(1,Positionen!$U$6:$U$205,0)))) | H30: =IF(B30="","",INDEX(Positionen!$L$6:$L$205,MATCH(1,Positionen!$U$6:$U$205,0))) | I30: =IF(B30="","",INDEX(Positionen!$S$6:$S$205,MATCH(1,Positionen!$U$6:$U$205,0))) | J30: =IF(B30="","",IF(INDEX(Positionen!$N$6:$N$205,MATCH(1,Positionen!$U$6:$U$205,0))="","",INDEX(Positionen!$N$6:$N$205,MATCH(1,Positionen!$U$6:$U$205,0))))
A31: =IF(B31="","",INDEX(Positionen!$A$6:$A$205,MATCH(2,Positionen!$U$6:$U$205,0))&"") | B31: =IFERROR(INDEX(Positionen!$B$6:$B$205,MATCH(2,Positionen!$U$6:$U$205,0)),"") | C31: =IF(B31="","",INDEX(Positionen!$P$6:$P$205,MATCH(2,Positionen!$U$6:$U$205,0))) | D31: =IF(B31="","",INDEX(Positionen!$Q$6:$Q$205,MATCH(2,Positionen!$U$6:$U$205,0))) | E31: =IF(B31="","",IF(INDEX(Positionen!$F$6:$F$205,MATCH(2,Positionen!$U$6:$U$205,0))="","",INDEX(Positionen!$F$6:$F$205,MATCH(2,Positionen!$U$6:$U$205,0)))) | F31: =IF(B31="","",IF(INDEX(Positionen!$G$6:$G$205,MATCH(2,Positionen!$U$6:$U$205,0))="","",INDEX(Positionen!$G$6:$G$205,MATCH(2,Positionen!$U$6:$U$205,0)))) | G31: =IF(B31="","",IF(INDEX(Positionen!$H$6:$H$205,MATCH(2,Positionen!$U$6:$U$205,0))="","",INDEX(Positionen!$H$6:$H$205,MATCH(2,Positionen!$U$6:$U$205,0)))) | H31: =IF(B31="","",INDEX(Positionen!$L$6:$L$205,MATCH(2,Positionen!$U$6:$U$205,0))) | I31: =IF(B31="","",INDEX(Positionen!$S$6:$S$205,MATCH(2,Positionen!$U$6:$U$205,0))) | J31: =IF(B31="","",IF(INDEX(Positionen!$N$6:$N$205,MATCH(2,Positionen!$U$6:$U$205,0))="","",INDEX(Positionen!$N$6:$N$205,MATCH(2,Positionen!$U$6:$U$205,0))))
A32: =IF(B32="","",INDEX(Positionen!$A$6:$A$205,MATCH(3,Positionen!$U$6:$U$205,0))&"") | B32: =IFERROR(INDEX(Positionen!$B$6:$B$205,MATCH(3,Positionen!$U$6:$U$205,0)),"") | C32: =IF(B32="","",INDEX(Positionen!$P$6:$P$205,MATCH(3,Positionen!$U$6:$U$205,0))) | D32: =IF(B32="","",INDEX(Positionen!$Q$6:$Q$205,MATCH(3,Positionen!$U$6:$U$205,0))) | E32: =IF(B32="","",IF(INDEX(Positionen!$F$6:$F$205,MATCH(3,Positionen!$U$6:$U$205,0))="","",INDEX(Positionen!$F$6:$F$205,MATCH(3,Positionen!$U$6:$U$205,0)))) | F32: =IF(B32="","",IF(INDEX(Positionen!$G$6:$G$205,MATCH(3,Positionen!$U$6:$U$205,0))="","",INDEX(Positionen!$G$6:$G$205,MATCH(3,Positionen!$U$6:$U$205,0)))) | G32: =IF(B32="","",IF(INDEX(Positionen!$H$6:$H$205,MATCH(3,Positionen!$U$6:$U$205,0))="","",INDEX(Positionen!$H$6:$H$205,MATCH(3,Positionen!$U$6:$U$205,0)))) | H32: =IF(B32="","",INDEX(Positionen!$L$6:$L$205,MATCH(3,Positionen!$U$6:$U$205,0))) | I32: =IF(B32="","",INDEX(Positionen!$S$6:$S$205,MATCH(3,Positionen!$U$6:$U$205,0))) | J32: =IF(B32="","",IF(INDEX(Positionen!$N$6:$N$205,MATCH(3,Positionen!$U$6:$U$205,0))="","",INDEX(Positionen!$N$6:$N$205,MATCH(3,Positionen!$U$6:$U$205,0))))
A33: =IF(B33="","",INDEX(Positionen!$A$6:$A$205,MATCH(4,Positionen!$U$6:$U$205,0))&"") | B33: =IFERROR(INDEX(Positionen!$B$6:$B$205,MATCH(4,Positionen!$U$6:$U$205,0)),"") | C33: =IF(B33="","",INDEX(Positionen!$P$6:$P$205,MATCH(4,Positionen!$U$6:$U$205,0))) | D33: =IF(B33="","",INDEX(Positionen!$Q$6:$Q$205,MATCH(4,Positionen!$U$6:$U$205,0))) | E33: =IF(B33="","",IF(INDEX(Positionen!$F$6:$F$205,MATCH(4,Positionen!$U$6:$U$205,0))="","",INDEX(Positionen!$F$6:$F$205,MATCH(4,Positionen!$U$6:$U$205,0)))) | F33: =IF(B33="","",IF(INDEX(Positionen!$G$6:$G$205,MATCH(4,Positionen!$U$6:$U$205,0))="","",INDEX(Positionen!$G$6:$G$205,MATCH(4,Positionen!$U$6:$U$205,0)))) | G33: =IF(B33="","",IF(INDEX(Positionen!$H$6:$H$205,MATCH(4,Positionen!$U$6:$U$205,0))="","",INDEX(Positionen!$H$6:$H$205,MATCH(4,Positionen!$U$6:$U$205,0)))) | H33: =IF(B33="","",INDEX(Positionen!$L$6:$L$205,MATCH(4,Positionen!$U$6:$U$205,0))) | I33: =IF(B33="","",INDEX(Positionen!$S$6:$S$205,MATCH(4,Positionen!$U$6:$U$205,0))) | J33: =IF(B33="","",IF(INDEX(Positionen!$N$6:$N$205,MATCH(4,Positionen!$U$6:$U$205,0))="","",INDEX(Positionen!$N$6:$N$205,MATCH(4,Positionen!$U$6:$U$205,0))))
A34: =IF(B34="","",INDEX(Positionen!$A$6:$A$205,MATCH(5,Positionen!$U$6:$U$205,0))&"") | B34: =IFERROR(INDEX(Positionen!$B$6:$B$205,MATCH(5,Positionen!$U$6:$U$205,0)),"") | C34: =IF(B34="","",INDEX(Positionen!$P$6:$P$205,MATCH(5,Positionen!$U$6:$U$205,0))) | D34: =IF(B34="","",INDEX(Positionen!$Q$6:$Q$205,MATCH(5,Positionen!$U$6:$U$205,0))) | E34: =IF(B34="","",IF(INDEX(Positionen!$F$6:$F$205,MATCH(5,Positionen!$U$6:$U$205,0))="","",INDEX(Positionen!$F$6:$F$205,MATCH(5,Positionen!$U$6:$U$205,0)))) | F34: =IF(B34="","",IF(INDEX(Positionen!$G$6:$G$205,MATCH(5,Positionen!$U$6:$U$205,0))="","",INDEX(Positionen!$G$6:$G$205,MATCH(5,Positionen!$U$6:$U$205,0)))) | G34: =IF(B34="","",IF(INDEX(Positionen!$H$6:$H$205,MATCH(5,Positionen!$U$6:$U$205,0))="","",INDEX(Positionen!$H$6:$H$205,MATCH(5,Positionen!$U$6:$U$205,0)))) | H34: =IF(B34="","",INDEX(Positionen!$L$6:$L$205,MATCH(5,Positionen!$U$6:$U$205,0))) | I34: =IF(B34="","",INDEX(Positionen!$S$6:$S$205,MATCH(5,Positionen!$U$6:$U$205,0))) | J34: =IF(B34="","",IF(INDEX(Positionen!$N$6:$N$205,MATCH(5,Positionen!$U$6:$U$205,0))="","",INDEX(Positionen!$N$6:$N$205,MATCH(5,Positionen!$U$6:$U$205,0))))
A35: =IF(B35="","",INDEX(Positionen!$A$6:$A$205,MATCH(6,Positionen!$U$6:$U$205,0))&"") | B35: =IFERROR(INDEX(Positionen!$B$6:$B$205,MATCH(6,Positionen!$U$6:$U$205,0)),"") | C35: =IF(B35="","",INDEX(Positionen!$P$6:$P$205,MATCH(6,Positionen!$U$6:$U$205,0))) | D35: =IF(B35="","",INDEX(Positionen!$Q$6:$Q$205,MATCH(6,Positionen!$U$6:$U$205,0))) | E35: =IF(B35="","",IF(INDEX(Positionen!$F$6:$F$205,MATCH(6,Positionen!$U$6:$U$205,0))="","",INDEX(Positionen!$F$6:$F$205,MATCH(6,Positionen!$U$6:$U$205,0)))) | F35: =IF(B35="","",IF(INDEX(Positionen!$G$6:$G$205,MATCH(6,Positionen!$U$6:$U$205,0))="","",INDEX(Positionen!$G$6:$G$205,MATCH(6,Positionen!$U$6:$U$205,0)))) | G35: =IF(B35="","",IF(INDEX(Positionen!$H$6:$H$205,MATCH(6,Positionen!$U$6:$U$205,0))="","",INDEX(Positionen!$H$6:$H$205,MATCH(6,Positionen!$U$6:$U$205,0)))) | H35: =IF(B35="","",INDEX(Positionen!$L$6:$L$205,MATCH(6,Positionen!$U$6:$U$205,0))) | I35: =IF(B35="","",INDEX(Positionen!$S$6:$S$205,MATCH(6,Positionen!$U$6:$U$205,0))) | J35: =IF(B35="","",IF(INDEX(Positionen!$N$6:$N$205,MATCH(6,Positionen!$U$6:$U$205,0))="","",INDEX(Positionen!$N$6:$N$205,MATCH(6,Positionen!$U$6:$U$205,0))))
A36: =IF(B36="","",INDEX(Positionen!$A$6:$A$205,MATCH(7,Positionen!$U$6:$U$205,0))&"") | B36: =IFERROR(INDEX(Positionen!$B$6:$B$205,MATCH(7,Positionen!$U$6:$U$205,0)),"") | C36: =IF(B36="","",INDEX(Positionen!$P$6:$P$205,MATCH(7,Positionen!$U$6:$U$205,0))) | D36: =IF(B36="","",INDEX(Positionen!$Q$6:$Q$205,MATCH(7,Positionen!$U$6:$U$205,0))) | E36: =IF(B36="","",IF(INDEX(Positionen!$F$6:$F$205,MATCH(7,Positionen!$U$6:$U$205,0))="","",INDEX(Positionen!$F$6:$F$205,MATCH(7,Positionen!$U$6:$U$205,0)))) | F36: =IF(B36="","",IF(INDEX(Positionen!$G$6:$G$205,MATCH(7,Positionen!$U$6:$U$205,0))="","",INDEX(Positionen!$G$6:$G$205,MATCH(7,Positionen!$U$6:$U$205,0)))) | G36: =IF(B36="","",IF(INDEX(Positionen!$H$6:$H$205,MATCH(7,Positionen!$U$6:$U$205,0))="","",INDEX(Positionen!$H$6:$H$205,MATCH(7,Positionen!$U$6:$U$205,0)))) | H36: =IF(B36="","",INDEX(Positionen!$L$6:$L$205,MATCH(7,Positionen!$U$6:$U$205,0))) | I36: =IF(B36="","",INDEX(Positionen!$S$6:$S$205,MATCH(7,Positionen!$U$6:$U$205,0))) | J36: =IF(B36="","",IF(INDEX(Positionen!$N$6:$N$205,MATCH(7,Positionen!$U$6:$U$205,0))="","",INDEX(Positionen!$N$6:$N$205,MATCH(7,Positionen!$U$6:$U$205,0))))
A37: =IF(B37="","",INDEX(Positionen!$A$6:$A$205,MATCH(8,Positionen!$U$6:$U$205,0))&"") | B37: =IFERROR(INDEX(Positionen!$B$6:$B$205,MATCH(8,Positionen!$U$6:$U$205,0)),"") | C37: =IF(B37="","",INDEX(Positionen!$P$6:$P$205,MATCH(8,Positionen!$U$6:$U$205,0))) | D37: =IF(B37="","",INDEX(Positionen!$Q$6:$Q$205,MATCH(8,Positionen!$U$6:$U$205,0))) | E37: =IF(B37="","",IF(INDEX(Positionen!$F$6:$F$205,MATCH(8,Positionen!$U$6:$U$205,0))="","",INDEX(Positionen!$F$6:$F$205,MATCH(8,Positionen!$U$6:$U$205,0)))) | F37: =IF(B37="","",IF(INDEX(Positionen!$G$6:$G$205,MATCH(8,Positionen!$U$6:$U$205,0))="","",INDEX(Positionen!$G$6:$G$205,MATCH(8,Positionen!$U$6:$U$205,0)))) | G37: =IF(B37="","",IF(INDEX(Positionen!$H$6:$H$205,MATCH(8,Positionen!$U$6:$U$205,0))="","",INDEX(Positionen!$H$6:$H$205,MATCH(8,Positionen!$U$6:$U$205,0)))) | H37: =IF(B37="","",INDEX(Positionen!$L$6:$L$205,MATCH(8,Positionen!$U$6:$U$205,0))) | I37: =IF(B37="","",INDEX(Positionen!$S$6:$S$205,MATCH(8,Positionen!$U$6:$U$205,0))) | J37: =IF(B37="","",IF(INDEX(Positionen!$N$6:$N$205,MATCH(8,Positionen!$U$6:$U$205,0))="","",INDEX(Positionen!$N$6:$N$205,MATCH(8,Positionen!$U$6:$U$205,0))))
A38: =IF(B38="","",INDEX(Positionen!$A$6:$A$205,MATCH(9,Positionen!$U$6:$U$205,0))&"") | B38: =IFERROR(INDEX(Positionen!$B$6:$B$205,MATCH(9,Positionen!$U$6:$U$205,0)),"") | C38: =IF(B38="","",INDEX(Positionen!$P$6:$P$205,MATCH(9,Positionen!$U$6:$U$205,0))) | D38: =IF(B38="","",INDEX(Positionen!$Q$6:$Q$205,MATCH(9,Positionen!$U$6:$U$205,0))) | E38: =IF(B38="","",IF(INDEX(Positionen!$F$6:$F$205,MATCH(9,Positionen!$U$6:$U$205,0))="","",INDEX(Positionen!$F$6:$F$205,MATCH(9,Positionen!$U$6:$U$205,0)))) | F38: =IF(B38="","",IF(INDEX(Positionen!$G$6:$G$205,MATCH(9,Positionen!$U$6:$U$205,0))="","",INDEX(Positionen!$G$6:$G$205,MATCH(9,Positionen!$U$6:$U$205,0)))) | G38: =IF(B38="","",IF(INDEX(Positionen!$H$6:$H$205,MATCH(9,Positionen!$U$6:$U$205,0))="","",INDEX(Positionen!$H$6:$H$205,MATCH(9,Positionen!$U$6:$U$205,0)))) | H38: =IF(B38="","",INDEX(Positionen!$L$6:$L$205,MATCH(9,Positionen!$U$6:$U$205,0))) | I38: =IF(B38="","",INDEX(Positionen!$S$6:$S$205,MATCH(9,Positionen!$U$6:$U$205,0))) | J38: =IF(B38="","",IF(INDEX(Positionen!$N$6:$N$205,MATCH(9,Positionen!$U$6:$U$205,0))="","",INDEX(Positionen!$N$6:$N$205,MATCH(9,Positionen!$U$6:$U$205,0))))
A39: =IF(B39="","",INDEX(Positionen!$A$6:$A$205,MATCH(10,Positionen!$U$6:$U$205,0))&"") | B39: =IFERROR(INDEX(Positionen!$B$6:$B$205,MATCH(10,Positionen!$U$6:$U$205,0)),"") | C39: =IF(B39="","",INDEX(Positionen!$P$6:$P$205,MATCH(10,Positionen!$U$6:$U$205,0))) | D39: =IF(B39="","",INDEX(Positionen!$Q$6:$Q$205,MATCH(10,Positionen!$U$6:$U$205,0))) | E39: =IF(B39="","",IF(INDEX(Positionen!$F$6:$F$205,MATCH(10,Positionen!$U$6:$U$205,0))="","",INDEX(Positionen!$F$6:$F$205,MATCH(10,Positionen!$U$6:$U$205,0)))) | F39: =IF(B39="","",IF(INDEX(Positionen!$G$6:$G$205,MATCH(10,Positionen!$U$6:$U$205,0))="","",INDEX(Positionen!$G$6:$G$205,MATCH(10,Positionen!$U$6:$U$205,0)))) | G39: =IF(B39="","",IF(INDEX(Positionen!$H$6:$H$205,MATCH(10,Positionen!$U$6:$U$205,0))="","",INDEX(Positionen!$H$6:$H$205,MATCH(10,Positionen!$U$6:$U$205,0)))) | H39: =IF(B39="","",INDEX(Positionen!$L$6:$L$205,MATCH(10,Positionen!$U$6:$U$205,0))) | I39: =IF(B39="","",INDEX(Positionen!$S$6:$S$205,MATCH(10,Positionen!$U$6:$U$205,0))) | J39: =IF(B39="","",IF(INDEX(Positionen!$N$6:$N$205,MATCH(10,Positionen!$U$6:$U$205,0))="","",INDEX(Positionen!$N$6:$N$205,MATCH(10,Positionen!$U$6:$U$205,0))))
A40: =IF(B40="","",INDEX(Positionen!$A$6:$A$205,MATCH(11,Positionen!$U$6:$U$205,0))&"") | B40: =IFERROR(INDEX(Positionen!$B$6:$B$205,MATCH(11,Positionen!$U$6:$U$205,0)),"") | C40: =IF(B40="","",INDEX(Positionen!$P$6:$P$205,MATCH(11,Positionen!$U$6:$U$205,0))) | D40: =IF(B40="","",INDEX(Positionen!$Q$6:$Q$205,MATCH(11,Positionen!$U$6:$U$205,0))) | E40: =IF(B40="","",IF(INDEX(Positionen!$F$6:$F$205,MATCH(11,Positionen!$U$6:$U$205,0))="","",INDEX(Positionen!$F$6:$F$205,MATCH(11,Positionen!$U$6:$U$205,0)))) | F40: =IF(B40="","",IF(INDEX(Positionen!$G$6:$G$205,MATCH(11,Positionen!$U$6:$U$205,0))="","",INDEX(Positionen!$G$6:$G$205,MATCH(11,Positionen!$U$6:$U$205,0)))) | G40: =IF(B40="","",IF(INDEX(Positionen!$H$6:$H$205,MATCH(11,Positionen!$U$6:$U$205,0))="","",INDEX(Positionen!$H$6:$H$205,MATCH(11,Positionen!$U$6:$U$205,0)))) | H40: =IF(B40="","",INDEX(Positionen!$L$6:$L$205,MATCH(11,Positionen!$U$6:$U$205,0))) | I40: =IF(B40="","",INDEX(Positionen!$S$6:$S$205,MATCH(11,Positionen!$U$6:$U$205,0))) | J40: =IF(B40="","",IF(INDEX(Positionen!$N$6:$N$205,MATCH(11,Positionen!$U$6:$U$205,0))="","",INDEX(Positionen!$N$6:$N$205,MATCH(11,Positionen!$U$6:$U$205,0))))
A41: =IF(B41="","",INDEX(Positionen!$A$6:$A$205,MATCH(12,Positionen!$U$6:$U$205,0))&"") | B41: =IFERROR(INDEX(Positionen!$B$6:$B$205,MATCH(12,Positionen!$U$6:$U$205,0)),"") | C41: =IF(B41="","",INDEX(Positionen!$P$6:$P$205,MATCH(12,Positionen!$U$6:$U$205,0))) | D41: =IF(B41="","",INDEX(Positionen!$Q$6:$Q$205,MATCH(12,Positionen!$U$6:$U$205,0))) | E41: =IF(B41="","",IF(INDEX(Positionen!$F$6:$F$205,MATCH(12,Positionen!$U$6:$U$205,0))="","",INDEX(Positionen!$F$6:$F$205,MATCH(12,Positionen!$U$6:$U$205,0)))) | F41: =IF(B41="","",IF(INDEX(Positionen!$G$6:$G$205,MATCH(12,Positionen!$U$6:$U$205,0))="","",INDEX(Positionen!$G$6:$G$205,MATCH(12,Positionen!$U$6:$U$205,0)))) | G41: =IF(B41="","",IF(INDEX(Positionen!$H$6:$H$205,MATCH(12,Positionen!$U$6:$U$205,0))="","",INDEX(Positionen!$H$6:$H$205,MATCH(12,Positionen!$U$6:$U$205,0)))) | H41: =IF(B41="","",INDEX(Positionen!$L$6:$L$205,MATCH(12,Positionen!$U$6:$U$205,0))) | I41: =IF(B41="","",INDEX(Positionen!$S$6:$S$205,MATCH(12,Positionen!$U$6:$U$205,0))) | J41: =IF(B41="","",IF(INDEX(Positionen!$N$6:$N$205,MATCH(12,Positionen!$U$6:$U$205,0))="","",INDEX(Positionen!$N$6:$N$205,MATCH(12,Positionen!$U$6:$U$205,0))))
A42: =IF(B42="","",INDEX(Positionen!$A$6:$A$205,MATCH(13,Positionen!$U$6:$U$205,0))&"") | B42: =IFERROR(INDEX(Positionen!$B$6:$B$205,MATCH(13,Positionen!$U$6:$U$205,0)),"") | C42: =IF(B42="","",INDEX(Positionen!$P$6:$P$205,MATCH(13,Positionen!$U$6:$U$205,0))) | D42: =IF(B42="","",INDEX(Positionen!$Q$6:$Q$205,MATCH(13,Positionen!$U$6:$U$205,0))) | E42: =IF(B42="","",IF(INDEX(Positionen!$F$6:$F$205,MATCH(13,Positionen!$U$6:$U$205,0))="","",INDEX(Positionen!$F$6:$F$205,MATCH(13,Positionen!$U$6:$U$205,0)))) | F42: =IF(B42="","",IF(INDEX(Positionen!$G$6:$G$205,MATCH(13,Positionen!$U$6:$U$205,0))="","",INDEX(Positionen!$G$6:$G$205,MATCH(13,Positionen!$U$6:$U$205,0)))) | G42: =IF(B42="","",IF(INDEX(Positionen!$H$6:$H$205,MATCH(13,Positionen!$U$6:$U$205,0))="","",INDEX(Positionen!$H$6:$H$205,MATCH(13,Positionen!$U$6:$U$205,0)))) | H42: =IF(B42="","",INDEX(Positionen!$L$6:$L$205,MATCH(13,Positionen!$U$6:$U$205,0))) | I42: =IF(B42="","",INDEX(Positionen!$S$6:$S$205,MATCH(13,Positionen!$U$6:$U$205,0))) | J42: =IF(B42="","",IF(INDEX(Positionen!$N$6:$N$205,MATCH(13,Positionen!$U$6:$U$205,0))="","",INDEX(Positionen!$N$6:$N$205,MATCH(13,Positionen!$U$6:$U$205,0))))
A43: =IF(B43="","",INDEX(Positionen!$A$6:$A$205,MATCH(14,Positionen!$U$6:$U$205,0))&"") | B43: =IFERROR(INDEX(Positionen!$B$6:$B$205,MATCH(14,Positionen!$U$6:$U$205,0)),"") | C43: =IF(B43="","",INDEX(Positionen!$P$6:$P$205,MATCH(14,Positionen!$U$6:$U$205,0))) | D43: =IF(B43="","",INDEX(Positionen!$Q$6:$Q$205,MATCH(14,Positionen!$U$6:$U$205,0))) | E43: =IF(B43="","",IF(INDEX(Positionen!$F$6:$F$205,MATCH(14,Positionen!$U$6:$U$205,0))="","",INDEX(Positionen!$F$6:$F$205,MATCH(14,Positionen!$U$6:$U$205,0)))) | F43: =IF(B43="","",IF(INDEX(Positionen!$G$6:$G$205,MATCH(14,Positionen!$U$6:$U$205,0))="","",INDEX(Positionen!$G$6:$G$205,MATCH(14,Positionen!$U$6:$U$205,0)))) | G43: =IF(B43="","",IF(INDEX(Positionen!$H$6:$H$205,MATCH(14,Positionen!$U$6:$U$205,0))="","",INDEX(Positionen!$H$6:$H$205,MATCH(14,Positionen!$U$6:$U$205,0)))) | H43: =IF(B43="","",INDEX(Positionen!$L$6:$L$205,MATCH(14,Positionen!$U$6:$U$205,0))) | I43: =IF(B43="","",INDEX(Positionen!$S$6:$S$205,MATCH(14,Positionen!$U$6:$U$205,0))) | J43: =IF(B43="","",IF(INDEX(Positionen!$N$6:$N$205,MATCH(14,Positionen!$U$6:$U$205,0))="","",INDEX(Positionen!$N$6:$N$205,MATCH(14,Positionen!$U$6:$U$205,0))))
A44: =IF(B44="","",INDEX(Positionen!$A$6:$A$205,MATCH(15,Positionen!$U$6:$U$205,0))&"") | B44: =IFERROR(INDEX(Positionen!$B$6:$B$205,MATCH(15,Positionen!$U$6:$U$205,0)),"") | C44: =IF(B44="","",INDEX(Positionen!$P$6:$P$205,MATCH(15,Positionen!$U$6:$U$205,0))) | D44: =IF(B44="","",INDEX(Positionen!$Q$6:$Q$205,MATCH(15,Positionen!$U$6:$U$205,0))) | E44: =IF(B44="","",IF(INDEX(Positionen!$F$6:$F$205,MATCH(15,Positionen!$U$6:$U$205,0))="","",INDEX(Positionen!$F$6:$F$205,MATCH(15,Positionen!$U$6:$U$205,0)))) | F44: =IF(B44="","",IF(INDEX(Positionen!$G$6:$G$205,MATCH(15,Positionen!$U$6:$U$205,0))="","",INDEX(Positionen!$G$6:$G$205,MATCH(15,Positionen!$U$6:$U$205,0)))) | G44: =IF(B44="","",IF(INDEX(Positionen!$H$6:$H$205,MATCH(15,Positionen!$U$6:$U$205,0))="","",INDEX(Positionen!$H$6:$H$205,MATCH(15,Positionen!$U$6:$U$205,0)))) | H44: =IF(B44="","",INDEX(Positionen!$L$6:$L$205,MATCH(15,Positionen!$U$6:$U$205,0))) | I44: =IF(B44="","",INDEX(Positionen!$S$6:$S$205,MATCH(15,Positionen!$U$6:$U$205,0))) | J44: =IF(B44="","",IF(INDEX(Positionen!$N$6:$N$205,MATCH(15,Positionen!$U$6:$U$205,0))="","",INDEX(Positionen!$N$6:$N$205,MATCH(15,Positionen!$U$6:$U$205,0))))
A45: =IF(B45="","",INDEX(Positionen!$A$6:$A$205,MATCH(16,Positionen!$U$6:$U$205,0))&"") | B45: =IFERROR(INDEX(Positionen!$B$6:$B$205,MATCH(16,Positionen!$U$6:$U$205,0)),"") | C45: =IF(B45="","",INDEX(Positionen!$P$6:$P$205,MATCH(16,Positionen!$U$6:$U$205,0))) | D45: =IF(B45="","",INDEX(Positionen!$Q$6:$Q$205,MATCH(16,Positionen!$U$6:$U$205,0))) | E45: =IF(B45="","",IF(INDEX(Positionen!$F$6:$F$205,MATCH(16,Positionen!$U$6:$U$205,0))="","",INDEX(Positionen!$F$6:$F$205,MATCH(16,Positionen!$U$6:$U$205,0)))) | F45: =IF(B45="","",IF(INDEX(Positionen!$G$6:$G$205,MATCH(16,Positionen!$U$6:$U$205,0))="","",INDEX(Positionen!$G$6:$G$205,MATCH(16,Positionen!$U$6:$U$205,0)))) | G45: =IF(B45="","",IF(INDEX(Positionen!$H$6:$H$205,MATCH(16,Positionen!$U$6:$U$205,0))="","",INDEX(Positionen!$H$6:$H$205,MATCH(16,Positionen!$U$6:$U$205,0)))) | H45: =IF(B45="","",INDEX(Positionen!$L$6:$L$205,MATCH(16,Positionen!$U$6:$U$205,0))) | I45: =IF(B45="","",INDEX(Positionen!$S$6:$S$205,MATCH(16,Positionen!$U$6:$U$205,0))) | J45: =IF(B45="","",IF(INDEX(Positionen!$N$6:$N$205,MATCH(16,Positionen!$U$6:$U$205,0))="","",INDEX(Positionen!$N$6:$N$205,MATCH(16,Positionen!$U$6:$U$205,0))))
A46: =IF(B46="","",INDEX(Positionen!$A$6:$A$205,MATCH(17,Positionen!$U$6:$U$205,0))&"") | B46: =IFERROR(INDEX(Positionen!$B$6:$B$205,MATCH(17,Positionen!$U$6:$U$205,0)),"") | C46: =IF(B46="","",INDEX(Positionen!$P$6:$P$205,MATCH(17,Positionen!$U$6:$U$205,0))) | D46: =IF(B46="","",INDEX(Positionen!$Q$6:$Q$205,MATCH(17,Positionen!$U$6:$U$205,0))) | E46: =IF(B46="","",IF(INDEX(Positionen!$F$6:$F$205,MATCH(17,Positionen!$U$6:$U$205,0))="","",INDEX(Positionen!$F$6:$F$205,MATCH(17,Positionen!$U$6:$U$205,0)))) | F46: =IF(B46="","",IF(INDEX(Positionen!$G$6:$G$205,MATCH(17,Positionen!$U$6:$U$205,0))="","",INDEX(Positionen!$G$6:$G$205,MATCH(17,Positionen!$U$6:$U$205,0)))) | G46: =IF(B46="","",IF(INDEX(Positionen!$H$6:$H$205,MATCH(17,Positionen!$U$6:$U$205,0))="","",INDEX(Positionen!$H$6:$H$205,MATCH(17,Positionen!$U$6:$U$205,0)))) | H46: =IF(B46="","",INDEX(Positionen!$L$6:$L$205,MATCH(17,Positionen!$U$6:$U$205,0))) | I46: =IF(B46="","",INDEX(Positionen!$S$6:$S$205,MATCH(17,Positionen!$U$6:$U$205,0))) | J46: =IF(B46="","",IF(INDEX(Positionen!$N$6:$N$205,MATCH(17,Positionen!$U$6:$U$205,0))="","",INDEX(Positionen!$N$6:$N$205,MATCH(17,Positionen!$U$6:$U$205,0))))
A47: =IF(B47="","",INDEX(Positionen!$A$6:$A$205,MATCH(18,Positionen!$U$6:$U$205,0))&"") | B47: =IFERROR(INDEX(Positionen!$B$6:$B$205,MATCH(18,Positionen!$U$6:$U$205,0)),"") | C47: =IF(B47="","",INDEX(Positionen!$P$6:$P$205,MATCH(18,Positionen!$U$6:$U$205,0))) | D47: =IF(B47="","",INDEX(Positionen!$Q$6:$Q$205,MATCH(18,Positionen!$U$6:$U$205,0))) | E47: =IF(B47="","",IF(INDEX(Positionen!$F$6:$F$205,MATCH(18,Positionen!$U$6:$U$205,0))="","",INDEX(Positionen!$F$6:$F$205,MATCH(18,Positionen!$U$6:$U$205,0)))) | F47: =IF(B47="","",IF(INDEX(Positionen!$G$6:$G$205,MATCH(18,Positionen!$U$6:$U$205,0))="","",INDEX(Positionen!$G$6:$G$205,MATCH(18,Positionen!$U$6:$U$205,0)))) | G47: =IF(B47="","",IF(INDEX(Positionen!$H$6:$H$205,MATCH(18,Positionen!$U$6:$U$205,0))="","",INDEX(Positionen!$H$6:$H$205,MATCH(18,Positionen!$U$6:$U$205,0)))) | H47: =IF(B47="","",INDEX(Positionen!$L$6:$L$205,MATCH(18,Positionen!$U$6:$U$205,0))) | I47: =IF(B47="","",INDEX(Positionen!$S$6:$S$205,MATCH(18,Positionen!$U$6:$U$205,0))) | J47: =IF(B47="","",IF(INDEX(Positionen!$N$6:$N$205,MATCH(18,Positionen!$U$6:$U$205,0))="","",INDEX(Positionen!$N$6:$N$205,MATCH(18,Positionen!$U$6:$U$205,0))))
A48: =IF(B48="","",INDEX(Positionen!$A$6:$A$205,MATCH(19,Positionen!$U$6:$U$205,0))&"") | B48: =IFERROR(INDEX(Positionen!$B$6:$B$205,MATCH(19,Positionen!$U$6:$U$205,0)),"") | C48: =IF(B48="","",INDEX(Positionen!$P$6:$P$205,MATCH(19,Positionen!$U$6:$U$205,0))) | D48: =IF(B48="","",INDEX(Positionen!$Q$6:$Q$205,MATCH(19,Positionen!$U$6:$U$205,0))) | E48: =IF(B48="","",IF(INDEX(Positionen!$F$6:$F$205,MATCH(19,Positionen!$U$6:$U$205,0))="","",INDEX(Positionen!$F$6:$F$205,MATCH(19,Positionen!$U$6:$U$205,0)))) | F48: =IF(B48="","",IF(INDEX(Positionen!$G$6:$G$205,MATCH(19,Positionen!$U$6:$U$205,0))="","",INDEX(Positionen!$G$6:$G$205,MATCH(19,Positionen!$U$6:$U$205,0)))) | G48: =IF(B48="","",IF(INDEX(Positionen!$H$6:$H$205,MATCH(19,Positionen!$U$6:$U$205,0))="","",INDEX(Positionen!$H$6:$H$205,MATCH(19,Positionen!$U$6:$U$205,0)))) | H48: =IF(B48="","",INDEX(Positionen!$L$6:$L$205,MATCH(19,Positionen!$U$6:$U$205,0))) | I48: =IF(B48="","",INDEX(Positionen!$S$6:$S$205,MATCH(19,Positionen!$U$6:$U$205,0))) | J48: =IF(B48="","",IF(INDEX(Positionen!$N$6:$N$205,MATCH(19,Positionen!$U$6:$U$205,0))="","",INDEX(Positionen!$N$6:$N$205,MATCH(19,Positionen!$U$6:$U$205,0))))
A49: =IF(B49="","",INDEX(Positionen!$A$6:$A$205,MATCH(20,Positionen!$U$6:$U$205,0))&"") | B49: =IFERROR(INDEX(Positionen!$B$6:$B$205,MATCH(20,Positionen!$U$6:$U$205,0)),"") | C49: =IF(B49="","",INDEX(Positionen!$P$6:$P$205,MATCH(20,Positionen!$U$6:$U$205,0))) | D49: =IF(B49="","",INDEX(Positionen!$Q$6:$Q$205,MATCH(20,Positionen!$U$6:$U$205,0))) | E49: =IF(B49="","",IF(INDEX(Positionen!$F$6:$F$205,MATCH(20,Positionen!$U$6:$U$205,0))="","",INDEX(Positionen!$F$6:$F$205,MATCH(20,Positionen!$U$6:$U$205,0)))) | F49: =IF(B49="","",IF(INDEX(Positionen!$G$6:$G$205,MATCH(20,Positionen!$U$6:$U$205,0))="","",INDEX(Positionen!$G$6:$G$205,MATCH(20,Positionen!$U$6:$U$205,0)))) | G49: =IF(B49="","",IF(INDEX(Positionen!$H$6:$H$205,MATCH(20,Positionen!$U$6:$U$205,0))="","",INDEX(Positionen!$H$6:$H$205,MATCH(20,Positionen!$U$6:$U$205,0)))) | H49: =IF(B49="","",INDEX(Positionen!$L$6:$L$205,MATCH(20,Positionen!$U$6:$U$205,0))) | I49: =IF(B49="","",INDEX(Positionen!$S$6:$S$205,MATCH(20,Positionen!$U$6:$U$205,0))) | J49: =IF(B49="","",IF(INDEX(Positionen!$N$6:$N$205,MATCH(20,Positionen!$U$6:$U$205,0))="","",INDEX(Positionen!$N$6:$N$205,MATCH(20,Positionen!$U$6:$U$205,0))))
A50: =IF(B50="","",INDEX(Positionen!$A$6:$A$205,MATCH(21,Positionen!$U$6:$U$205,0))&"") | B50: =IFERROR(INDEX(Positionen!$B$6:$B$205,MATCH(21,Positionen!$U$6:$U$205,0)),"") | C50: =IF(B50="","",INDEX(Positionen!$P$6:$P$205,MATCH(21,Positionen!$U$6:$U$205,0))) | D50: =IF(B50="","",INDEX(Positionen!$Q$6:$Q$205,MATCH(21,Positionen!$U$6:$U$205,0))) | E50: =IF(B50="","",IF(INDEX(Positionen!$F$6:$F$205,MATCH(21,Positionen!$U$6:$U$205,0))="","",INDEX(Positionen!$F$6:$F$205,MATCH(21,Positionen!$U$6:$U$205,0)))) | F50: =IF(B50="","",IF(INDEX(Positionen!$G$6:$G$205,MATCH(21,Positionen!$U$6:$U$205,0))="","",INDEX(Positionen!$G$6:$G$205,MATCH(21,Positionen!$U$6:$U$205,0)))) | G50: =IF(B50="","",IF(INDEX(Positionen!$H$6:$H$205,MATCH(21,Positionen!$U$6:$U$205,0))="","",INDEX(Positionen!$H$6:$H$205,MATCH(21,Positionen!$U$6:$U$205,0)))) | H50: =IF(B50="","",INDEX(Positionen!$L$6:$L$205,MATCH(21,Positionen!$U$6:$U$205,0))) | I50: =IF(B50="","",INDEX(Positionen!$S$6:$S$205,MATCH(21,Positionen!$U$6:$U$205,0))) | J50: =IF(B50="","",IF(INDEX(Positionen!$N$6:$N$205,MATCH(21,Positionen!$U$6:$U$205,0))="","",INDEX(Positionen!$N$6:$N$205,MATCH(21,Positionen!$U$6:$U$205,0))))
A51: =IF(B51="","",INDEX(Positionen!$A$6:$A$205,MATCH(22,Positionen!$U$6:$U$205,0))&"") | B51: =IFERROR(INDEX(Positionen!$B$6:$B$205,MATCH(22,Positionen!$U$6:$U$205,0)),"") | C51: =IF(B51="","",INDEX(Positionen!$P$6:$P$205,MATCH(22,Positionen!$U$6:$U$205,0))) | D51: =IF(B51="","",INDEX(Positionen!$Q$6:$Q$205,MATCH(22,Positionen!$U$6:$U$205,0))) | E51: =IF(B51="","",IF(INDEX(Positionen!$F$6:$F$205,MATCH(22,Positionen!$U$6:$U$205,0))="","",INDEX(Positionen!$F$6:$F$205,MATCH(22,Positionen!$U$6:$U$205,0)))) | F51: =IF(B51="","",IF(INDEX(Positionen!$G$6:$G$205,MATCH(22,Positionen!$U$6:$U$205,0))="","",INDEX(Positionen!$G$6:$G$205,MATCH(22,Positionen!$U$6:$U$205,0)))) | G51: =IF(B51="","",IF(INDEX(Positionen!$H$6:$H$205,MATCH(22,Positionen!$U$6:$U$205,0))="","",INDEX(Positionen!$H$6:$H$205,MATCH(22,Positionen!$U$6:$U$205,0)))) | H51: =IF(B51="","",INDEX(Positionen!$L$6:$L$205,MATCH(22,Positionen!$U$6:$U$205,0))) | I51: =IF(B51="","",INDEX(Positionen!$S$6:$S$205,MATCH(22,Positionen!$U$6:$U$205,0))) | J51: =IF(B51="","",IF(INDEX(Positionen!$N$6:$N$205,MATCH(22,Positionen!$U$6:$U$205,0))="","",INDEX(Positionen!$N$6:$N$205,MATCH(22,Positionen!$U$6:$U$205,0))))
A52: =IF(B52="","",INDEX(Positionen!$A$6:$A$205,MATCH(23,Positionen!$U$6:$U$205,0))&"") | B52: =IFERROR(INDEX(Positionen!$B$6:$B$205,MATCH(23,Positionen!$U$6:$U$205,0)),"") | C52: =IF(B52="","",INDEX(Positionen!$P$6:$P$205,MATCH(23,Positionen!$U$6:$U$205,0))) | D52: =IF(B52="","",INDEX(Positionen!$Q$6:$Q$205,MATCH(23,Positionen!$U$6:$U$205,0))) | E52: =IF(B52="","",IF(INDEX(Positionen!$F$6:$F$205,MATCH(23,Positionen!$U$6:$U$205,0))="","",INDEX(Positionen!$F$6:$F$205,MATCH(23,Positionen!$U$6:$U$205,0)))) | F52: =IF(B52="","",IF(INDEX(Positionen!$G$6:$G$205,MATCH(23,Positionen!$U$6:$U$205,0))="","",INDEX(Positionen!$G$6:$G$205,MATCH(23,Positionen!$U$6:$U$205,0)))) | G52: =IF(B52="","",IF(INDEX(Positionen!$H$6:$H$205,MATCH(23,Positionen!$U$6:$U$205,0))="","",INDEX(Positionen!$H$6:$H$205,MATCH(23,Positionen!$U$6:$U$205,0)))) | H52: =IF(B52="","",INDEX(Positionen!$L$6:$L$205,MATCH(23,Positionen!$U$6:$U$205,0))) | I52: =IF(B52="","",INDEX(Positionen!$S$6:$S$205,MATCH(23,Positionen!$U$6:$U$205,0))) | J52: =IF(B52="","",IF(INDEX(Positionen!$N$6:$N$205,MATCH(23,Positionen!$U$6:$U$205,0))="","",INDEX(Positionen!$N$6:$N$205,MATCH(23,Positionen!$U$6:$U$205,0))))
A53: =IF(B53="","",INDEX(Positionen!$A$6:$A$205,MATCH(24,Positionen!$U$6:$U$205,0))&"") | B53: =IFERROR(INDEX(Positionen!$B$6:$B$205,MATCH(24,Positionen!$U$6:$U$205,0)),"") | C53: =IF(B53="","",INDEX(Positionen!$P$6:$P$205,MATCH(24,Positionen!$U$6:$U$205,0))) | D53: =IF(B53="","",INDEX(Positionen!$Q$6:$Q$205,MATCH(24,Positionen!$U$6:$U$205,0))) | E53: =IF(B53="","",IF(INDEX(Positionen!$F$6:$F$205,MATCH(24,Positionen!$U$6:$U$205,0))="","",INDEX(Positionen!$F$6:$F$205,MATCH(24,Positionen!$U$6:$U$205,0)))) | F53: =IF(B53="","",IF(INDEX(Positionen!$G$6:$G$205,MATCH(24,Positionen!$U$6:$U$205,0))="","",INDEX(Positionen!$G$6:$G$205,MATCH(24,Positionen!$U$6:$U$205,0)))) | G53: =IF(B53="","",IF(INDEX(Positionen!$H$6:$H$205,MATCH(24,Positionen!$U$6:$U$205,0))="","",INDEX(Positionen!$H$6:$H$205,MATCH(24,Positionen!$U$6:$U$205,0)))) | H53: =IF(B53="","",INDEX(Positionen!$L$6:$L$205,MATCH(24,Positionen!$U$6:$U$205,0))) | I53: =IF(B53="","",INDEX(Positionen!$S$6:$S$205,MATCH(24,Positionen!$U$6:$U$205,0))) | J53: =IF(B53="","",IF(INDEX(Positionen!$N$6:$N$205,MATCH(24,Positionen!$U$6:$U$205,0))="","",INDEX(Positionen!$N$6:$N$205,MATCH(24,Positionen!$U$6:$U$205,0))))
A54: =IF(B54="","",INDEX(Positionen!$A$6:$A$205,MATCH(25,Positionen!$U$6:$U$205,0))&"") | B54: =IFERROR(INDEX(Positionen!$B$6:$B$205,MATCH(25,Positionen!$U$6:$U$205,0)),"") | C54: =IF(B54="","",INDEX(Positionen!$P$6:$P$205,MATCH(25,Positionen!$U$6:$U$205,0))) | D54: =IF(B54="","",INDEX(Positionen!$Q$6:$Q$205,MATCH(25,Positionen!$U$6:$U$205,0))) | E54: =IF(B54="","",IF(INDEX(Positionen!$F$6:$F$205,MATCH(25,Positionen!$U$6:$U$205,0))="","",INDEX(Positionen!$F$6:$F$205,MATCH(25,Positionen!$U$6:$U$205,0)))) | F54: =IF(B54="","",IF(INDEX(Positionen!$G$6:$G$205,MATCH(25,Positionen!$U$6:$U$205,0))="","",INDEX(Positionen!$G$6:$G$205,MATCH(25,Positionen!$U$6:$U$205,0)))) | G54: =IF(B54="","",IF(INDEX(Positionen!$H$6:$H$205,MATCH(25,Positionen!$U$6:$U$205,0))="","",INDEX(Positionen!$H$6:$H$205,MATCH(25,Positionen!$U$6:$U$205,0)))) | H54: =IF(B54="","",INDEX(Positionen!$L$6:$L$205,MATCH(25,Positionen!$U$6:$U$205,0))) | I54: =IF(B54="","",INDEX(Positionen!$S$6:$S$205,MATCH(25,Positionen!$U$6:$U$205,0))) | J54: =IF(B54="","",IF(INDEX(Positionen!$N$6:$N$205,MATCH(25,Positionen!$U$6:$U$205,0))="","",INDEX(Positionen!$N$6:$N$205,MATCH(25,Positionen!$U$6:$U$205,0))))
A55: =IF(B55="","",INDEX(Positionen!$A$6:$A$205,MATCH(26,Positionen!$U$6:$U$205,0))&"") | B55: =IFERROR(INDEX(Positionen!$B$6:$B$205,MATCH(26,Positionen!$U$6:$U$205,0)),"") | C55: =IF(B55="","",INDEX(Positionen!$P$6:$P$205,MATCH(26,Positionen!$U$6:$U$205,0))) | D55: =IF(B55="","",INDEX(Positionen!$Q$6:$Q$205,MATCH(26,Positionen!$U$6:$U$205,0))) | E55: =IF(B55="","",IF(INDEX(Positionen!$F$6:$F$205,MATCH(26,Positionen!$U$6:$U$205,0))="","",INDEX(Positionen!$F$6:$F$205,MATCH(26,Positionen!$U$6:$U$205,0)))) | F55: =IF(B55="","",IF(INDEX(Positionen!$G$6:$G$205,MATCH(26,Positionen!$U$6:$U$205,0))="","",INDEX(Positionen!$G$6:$G$205,MATCH(26,Positionen!$U$6:$U$205,0)))) | G55: =IF(B55="","",IF(INDEX(Positionen!$H$6:$H$205,MATCH(26,Positionen!$U$6:$U$205,0))="","",INDEX(Positionen!$H$6:$H$205,MATCH(26,Positionen!$U$6:$U$205,0)))) | H55: =IF(B55="","",INDEX(Positionen!$L$6:$L$205,MATCH(26,Positionen!$U$6:$U$205,0))) | I55: =IF(B55="","",INDEX(Positionen!$S$6:$S$205,MATCH(26,Positionen!$U$6:$U$205,0))) | J55: =IF(B55="","",IF(INDEX(Positionen!$N$6:$N$205,MATCH(26,Positionen!$U$6:$U$205,0))="","",INDEX(Positionen!$N$6:$N$205,MATCH(26,Positionen!$U$6:$U$205,0))))
A56: =IF(B56="","",INDEX(Positionen!$A$6:$A$205,MATCH(27,Positionen!$U$6:$U$205,0))&"") | B56: =IFERROR(INDEX(Positionen!$B$6:$B$205,MATCH(27,Positionen!$U$6:$U$205,0)),"") | C56: =IF(B56="","",INDEX(Positionen!$P$6:$P$205,MATCH(27,Positionen!$U$6:$U$205,0))) | D56: =IF(B56="","",INDEX(Positionen!$Q$6:$Q$205,MATCH(27,Positionen!$U$6:$U$205,0))) | E56: =IF(B56="","",IF(INDEX(Positionen!$F$6:$F$205,MATCH(27,Positionen!$U$6:$U$205,0))="","",INDEX(Positionen!$F$6:$F$205,MATCH(27,Positionen!$U$6:$U$205,0)))) | F56: =IF(B56="","",IF(INDEX(Positionen!$G$6:$G$205,MATCH(27,Positionen!$U$6:$U$205,0))="","",INDEX(Positionen!$G$6:$G$205,MATCH(27,Positionen!$U$6:$U$205,0)))) | G56: =IF(B56="","",IF(INDEX(Positionen!$H$6:$H$205,MATCH(27,Positionen!$U$6:$U$205,0))="","",INDEX(Positionen!$H$6:$H$205,MATCH(27,Positionen!$U$6:$U$205,0)))) | H56: =IF(B56="","",INDEX(Positionen!$L$6:$L$205,MATCH(27,Positionen!$U$6:$U$205,0))) | I56: =IF(B56="","",INDEX(Positionen!$S$6:$S$205,MATCH(27,Positionen!$U$6:$U$205,0))) | J56: =IF(B56="","",IF(INDEX(Positionen!$N$6:$N$205,MATCH(27,Positionen!$U$6:$U$205,0))="","",INDEX(Positionen!$N$6:$N$205,MATCH(27,Positionen!$U$6:$U$205,0))))
A57: =IF(B57="","",INDEX(Positionen!$A$6:$A$205,MATCH(28,Positionen!$U$6:$U$205,0))&"") | B57: =IFERROR(INDEX(Positionen!$B$6:$B$205,MATCH(28,Positionen!$U$6:$U$205,0)),"") | C57: =IF(B57="","",INDEX(Positionen!$P$6:$P$205,MATCH(28,Positionen!$U$6:$U$205,0))) | D57: =IF(B57="","",INDEX(Positionen!$Q$6:$Q$205,MATCH(28,Positionen!$U$6:$U$205,0))) | E57: =IF(B57="","",IF(INDEX(Positionen!$F$6:$F$205,MATCH(28,Positionen!$U$6:$U$205,0))="","",INDEX(Positionen!$F$6:$F$205,MATCH(28,Positionen!$U$6:$U$205,0)))) | F57: =IF(B57="","",IF(INDEX(Positionen!$G$6:$G$205,MATCH(28,Positionen!$U$6:$U$205,0))="","",INDEX(Positionen!$G$6:$G$205,MATCH(28,Positionen!$U$6:$U$205,0)))) | G57: =IF(B57="","",IF(INDEX(Positionen!$H$6:$H$205,MATCH(28,Positionen!$U$6:$U$205,0))="","",INDEX(Positionen!$H$6:$H$205,MATCH(28,Positionen!$U$6:$U$205,0)))) | H57: =IF(B57="","",INDEX(Positionen!$L$6:$L$205,MATCH(28,Positionen!$U$6:$U$205,0))) | I57: =IF(B57="","",INDEX(Positionen!$S$6:$S$205,MATCH(28,Positionen!$U$6:$U$205,0))) | J57: =IF(B57="","",IF(INDEX(Positionen!$N$6:$N$205,MATCH(28,Positionen!$U$6:$U$205,0))="","",INDEX(Positionen!$N$6:$N$205,MATCH(28,Positionen!$U$6:$U$205,0))))
A58: =IF(B58="","",INDEX(Positionen!$A$6:$A$205,MATCH(29,Positionen!$U$6:$U$205,0))&"") | B58: =IFERROR(INDEX(Positionen!$B$6:$B$205,MATCH(29,Positionen!$U$6:$U$205,0)),"") | C58: =IF(B58="","",INDEX(Positionen!$P$6:$P$205,MATCH(29,Positionen!$U$6:$U$205,0))) | D58: =IF(B58="","",INDEX(Positionen!$Q$6:$Q$205,MATCH(29,Positionen!$U$6:$U$205,0))) | E58: =IF(B58="","",IF(INDEX(Positionen!$F$6:$F$205,MATCH(29,Positionen!$U$6:$U$205,0))="","",INDEX(Positionen!$F$6:$F$205,MATCH(29,Positionen!$U$6:$U$205,0)))) | F58: =IF(B58="","",IF(INDEX(Positionen!$G$6:$G$205,MATCH(29,Positionen!$U$6:$U$205,0))="","",INDEX(Positionen!$G$6:$G$205,MATCH(29,Positionen!$U$6:$U$205,0)))) | G58: =IF(B58="","",IF(INDEX(Positionen!$H$6:$H$205,MATCH(29,Positionen!$U$6:$U$205,0))="","",INDEX(Positionen!$H$6:$H$205,MATCH(29,Positionen!$U$6:$U$205,0)))) | H58: =IF(B58="","",INDEX(Positionen!$L$6:$L$205,MATCH(29,Positionen!$U$6:$U$205,0))) | I58: =IF(B58="","",INDEX(Positionen!$S$6:$S$205,MATCH(29,Positionen!$U$6:$U$205,0))) | J58: =IF(B58="","",IF(INDEX(Positionen!$N$6:$N$205,MATCH(29,Positionen!$U$6:$U$205,0))="","",INDEX(Positionen!$N$6:$N$205,MATCH(29,Positionen!$U$6:$U$205,0))))
A59: =IF(B59="","",INDEX(Positionen!$A$6:$A$205,MATCH(30,Positionen!$U$6:$U$205,0))&"") | B59: =IFERROR(INDEX(Positionen!$B$6:$B$205,MATCH(30,Positionen!$U$6:$U$205,0)),"") | C59: =IF(B59="","",INDEX(Positionen!$P$6:$P$205,MATCH(30,Positionen!$U$6:$U$205,0))) | D59: =IF(B59="","",INDEX(Positionen!$Q$6:$Q$205,MATCH(30,Positionen!$U$6:$U$205,0))) | E59: =IF(B59="","",IF(INDEX(Positionen!$F$6:$F$205,MATCH(30,Positionen!$U$6:$U$205,0))="","",INDEX(Positionen!$F$6:$F$205,MATCH(30,Positionen!$U$6:$U$205,0)))) | F59: =IF(B59="","",IF(INDEX(Positionen!$G$6:$G$205,MATCH(30,Positionen!$U$6:$U$205,0))="","",INDEX(Positionen!$G$6:$G$205,MATCH(30,Positionen!$U$6:$U$205,0)))) | G59: =IF(B59="","",IF(INDEX(Positionen!$H$6:$H$205,MATCH(30,Positionen!$U$6:$U$205,0))="","",INDEX(Positionen!$H$6:$H$205,MATCH(30,Positionen!$U$6:$U$205,0)))) | H59: =IF(B59="","",INDEX(Positionen!$L$6:$L$205,MATCH(30,Positionen!$U$6:$U$205,0))) | I59: =IF(B59="","",INDEX(Positionen!$S$6:$S$205,MATCH(30,Positionen!$U$6:$U$205,0))) | J59: =IF(B59="","",IF(INDEX(Positionen!$N$6:$N$205,MATCH(30,Positionen!$U$6:$U$205,0))="","",INDEX(Positionen!$N$6:$N$205,MATCH(30,Positionen!$U$6:$U$205,0))))
A60: =IF(B60="","",INDEX(Positionen!$A$6:$A$205,MATCH(31,Positionen!$U$6:$U$205,0))&"") | B60: =IFERROR(INDEX(Positionen!$B$6:$B$205,MATCH(31,Positionen!$U$6:$U$205,0)),"") | C60: =IF(B60="","",INDEX(Positionen!$P$6:$P$205,MATCH(31,Positionen!$U$6:$U$205,0))) | D60: =IF(B60="","",INDEX(Positionen!$Q$6:$Q$205,MATCH(31,Positionen!$U$6:$U$205,0))) | E60: =IF(B60="","",IF(INDEX(Positionen!$F$6:$F$205,MATCH(31,Positionen!$U$6:$U$205,0))="","",INDEX(Positionen!$F$6:$F$205,MATCH(31,Positionen!$U$6:$U$205,0)))) | F60: =IF(B60="","",IF(INDEX(Positionen!$G$6:$G$205,MATCH(31,Positionen!$U$6:$U$205,0))="","",INDEX(Positionen!$G$6:$G$205,MATCH(31,Positionen!$U$6:$U$205,0)))) | G60: =IF(B60="","",IF(INDEX(Positionen!$H$6:$H$205,MATCH(31,Positionen!$U$6:$U$205,0))="","",INDEX(Positionen!$H$6:$H$205,MATCH(31,Positionen!$U$6:$U$205,0)))) | H60: =IF(B60="","",INDEX(Positionen!$L$6:$L$205,MATCH(31,Positionen!$U$6:$U$205,0))) | I60: =IF(B60="","",INDEX(Positionen!$S$6:$S$205,MATCH(31,Positionen!$U$6:$U$205,0))) | J60: =IF(B60="","",IF(INDEX(Positionen!$N$6:$N$205,MATCH(31,Positionen!$U$6:$U$205,0))="","",INDEX(Positionen!$N$6:$N$205,MATCH(31,Positionen!$U$6:$U$205,0))))
A61: =IF(B61="","",INDEX(Positionen!$A$6:$A$205,MATCH(32,Positionen!$U$6:$U$205,0))&"") | B61: =IFERROR(INDEX(Positionen!$B$6:$B$205,MATCH(32,Positionen!$U$6:$U$205,0)),"") | C61: =IF(B61="","",INDEX(Positionen!$P$6:$P$205,MATCH(32,Positionen!$U$6:$U$205,0))) | D61: =IF(B61="","",INDEX(Positionen!$Q$6:$Q$205,MATCH(32,Positionen!$U$6:$U$205,0))) | E61: =IF(B61="","",IF(INDEX(Positionen!$F$6:$F$205,MATCH(32,Positionen!$U$6:$U$205,0))="","",INDEX(Positionen!$F$6:$F$205,MATCH(32,Positionen!$U$6:$U$205,0)))) | F61: =IF(B61="","",IF(INDEX(Positionen!$G$6:$G$205,MATCH(32,Positionen!$U$6:$U$205,0))="","",INDEX(Positionen!$G$6:$G$205,MATCH(32,Positionen!$U$6:$U$205,0)))) | G61: =IF(B61="","",IF(INDEX(Positionen!$H$6:$H$205,MATCH(32,Positionen!$U$6:$U$205,0))="","",INDEX(Positionen!$H$6:$H$205,MATCH(32,Positionen!$U$6:$U$205,0)))) | H61: =IF(B61="","",INDEX(Positionen!$L$6:$L$205,MATCH(32,Positionen!$U$6:$U$205,0))) | I61: =IF(B61="","",INDEX(Positionen!$S$6:$S$205,MATCH(32,Positionen!$U$6:$U$205,0))) | J61: =IF(B61="","",IF(INDEX(Positionen!$N$6:$N$205,MATCH(32,Positionen!$U$6:$U$205,0))="","",INDEX(Positionen!$N$6:$N$205,MATCH(32,Positionen!$U$6:$U$205,0))))
A62: =IF(B62="","",INDEX(Positionen!$A$6:$A$205,MATCH(33,Positionen!$U$6:$U$205,0))&"") | B62: =IFERROR(INDEX(Positionen!$B$6:$B$205,MATCH(33,Positionen!$U$6:$U$205,0)),"") | C62: =IF(B62="","",INDEX(Positionen!$P$6:$P$205,MATCH(33,Positionen!$U$6:$U$205,0))) | D62: =IF(B62="","",INDEX(Positionen!$Q$6:$Q$205,MATCH(33,Positionen!$U$6:$U$205,0))) | E62: =IF(B62="","",IF(INDEX(Positionen!$F$6:$F$205,MATCH(33,Positionen!$U$6:$U$205,0))="","",INDEX(Positionen!$F$6:$F$205,MATCH(33,Positionen!$U$6:$U$205,0)))) | F62: =IF(B62="","",IF(INDEX(Positionen!$G$6:$G$205,MATCH(33,Positionen!$U$6:$U$205,0))="","",INDEX(Positionen!$G$6:$G$205,MATCH(33,Positionen!$U$6:$U$205,0)))) | G62: =IF(B62="","",IF(INDEX(Positionen!$H$6:$H$205,MATCH(33,Positionen!$U$6:$U$205,0))="","",INDEX(Positionen!$H$6:$H$205,MATCH(33,Positionen!$U$6:$U$205,0)))) | H62: =IF(B62="","",INDEX(Positionen!$L$6:$L$205,MATCH(33,Positionen!$U$6:$U$205,0))) | I62: =IF(B62="","",INDEX(Positionen!$S$6:$S$205,MATCH(33,Positionen!$U$6:$U$205,0))) | J62: =IF(B62="","",IF(INDEX(Positionen!$N$6:$N$205,MATCH(33,Positionen!$U$6:$U$205,0))="","",INDEX(Positionen!$N$6:$N$205,MATCH(33,Positionen!$U$6:$U$205,0))))
A63: =IF(B63="","",INDEX(Positionen!$A$6:$A$205,MATCH(34,Positionen!$U$6:$U$205,0))&"") | B63: =IFERROR(INDEX(Positionen!$B$6:$B$205,MATCH(34,Positionen!$U$6:$U$205,0)),"") | C63: =IF(B63="","",INDEX(Positionen!$P$6:$P$205,MATCH(34,Positionen!$U$6:$U$205,0))) | D63: =IF(B63="","",INDEX(Positionen!$Q$6:$Q$205,MATCH(34,Positionen!$U$6:$U$205,0))) | E63: =IF(B63="","",IF(INDEX(Positionen!$F$6:$F$205,MATCH(34,Positionen!$U$6:$U$205,0))="","",INDEX(Positionen!$F$6:$F$205,MATCH(34,Positionen!$U$6:$U$205,0)))) | F63: =IF(B63="","",IF(INDEX(Positionen!$G$6:$G$205,MATCH(34,Positionen!$U$6:$U$205,0))="","",INDEX(Positionen!$G$6:$G$205,MATCH(34,Positionen!$U$6:$U$205,0)))) | G63: =IF(B63="","",IF(INDEX(Positionen!$H$6:$H$205,MATCH(34,Positionen!$U$6:$U$205,0))="","",INDEX(Positionen!$H$6:$H$205,MATCH(34,Positionen!$U$6:$U$205,0)))) | H63: =IF(B63="","",INDEX(Positionen!$L$6:$L$205,MATCH(34,Positionen!$U$6:$U$205,0))) | I63: =IF(B63="","",INDEX(Positionen!$S$6:$S$205,MATCH(34,Positionen!$U$6:$U$205,0))) | J63: =IF(B63="","",IF(INDEX(Positionen!$N$6:$N$205,MATCH(34,Positionen!$U$6:$U$205,0))="","",INDEX(Positionen!$N$6:$N$205,MATCH(34,Positionen!$U$6:$U$205,0))))
A64: =IF(B64="","",INDEX(Positionen!$A$6:$A$205,MATCH(35,Positionen!$U$6:$U$205,0))&"") | B64: =IFERROR(INDEX(Positionen!$B$6:$B$205,MATCH(35,Positionen!$U$6:$U$205,0)),"") | C64: =IF(B64="","",INDEX(Positionen!$P$6:$P$205,MATCH(35,Positionen!$U$6:$U$205,0))) | D64: =IF(B64="","",INDEX(Positionen!$Q$6:$Q$205,MATCH(35,Positionen!$U$6:$U$205,0))) | E64: =IF(B64="","",IF(INDEX(Positionen!$F$6:$F$205,MATCH(35,Positionen!$U$6:$U$205,0))="","",INDEX(Positionen!$F$6:$F$205,MATCH(35,Positionen!$U$6:$U$205,0)))) | F64: =IF(B64="","",IF(INDEX(Positionen!$G$6:$G$205,MATCH(35,Positionen!$U$6:$U$205,0))="","",INDEX(Positionen!$G$6:$G$205,MATCH(35,Positionen!$U$6:$U$205,0)))) | G64: =IF(B64="","",IF(INDEX(Positionen!$H$6:$H$205,MATCH(35,Positionen!$U$6:$U$205,0))="","",INDEX(Positionen!$H$6:$H$205,MATCH(35,Positionen!$U$6:$U$205,0)))) | H64: =IF(B64="","",INDEX(Positionen!$L$6:$L$205,MATCH(35,Positionen!$U$6:$U$205,0))) | I64: =IF(B64="","",INDEX(Positionen!$S$6:$S$205,MATCH(35,Positionen!$U$6:$U$205,0))) | J64: =IF(B64="","",IF(INDEX(Positionen!$N$6:$N$205,MATCH(35,Positionen!$U$6:$U$205,0))="","",INDEX(Positionen!$N$6:$N$205,MATCH(35,Positionen!$U$6:$U$205,0))))
A65: =IF(B65="","",INDEX(Positionen!$A$6:$A$205,MATCH(36,Positionen!$U$6:$U$205,0))&"") | B65: =IFERROR(INDEX(Positionen!$B$6:$B$205,MATCH(36,Positionen!$U$6:$U$205,0)),"") | C65: =IF(B65="","",INDEX(Positionen!$P$6:$P$205,MATCH(36,Positionen!$U$6:$U$205,0))) | D65: =IF(B65="","",INDEX(Positionen!$Q$6:$Q$205,MATCH(36,Positionen!$U$6:$U$205,0))) | E65: =IF(B65="","",IF(INDEX(Positionen!$F$6:$F$205,MATCH(36,Positionen!$U$6:$U$205,0))="","",INDEX(Positionen!$F$6:$F$205,MATCH(36,Positionen!$U$6:$U$205,0)))) | F65: =IF(B65="","",IF(INDEX(Positionen!$G$6:$G$205,MATCH(36,Positionen!$U$6:$U$205,0))="","",INDEX(Positionen!$G$6:$G$205,MATCH(36,Positionen!$U$6:$U$205,0)))) | G65: =IF(B65="","",IF(INDEX(Positionen!$H$6:$H$205,MATCH(36,Positionen!$U$6:$U$205,0))="","",INDEX(Positionen!$H$6:$H$205,MATCH(36,Positionen!$U$6:$U$205,0)))) | H65: =IF(B65="","",INDEX(Positionen!$L$6:$L$205,MATCH(36,Positionen!$U$6:$U$205,0))) | I65: =IF(B65="","",INDEX(Positionen!$S$6:$S$205,MATCH(36,Positionen!$U$6:$U$205,0))) | J65: =IF(B65="","",IF(INDEX(Positionen!$N$6:$N$205,MATCH(36,Positionen!$U$6:$U$205,0))="","",INDEX(Positionen!$N$6:$N$205,MATCH(36,Positionen!$U$6:$U$205,0))))
A66: =IF(B66="","",INDEX(Positionen!$A$6:$A$205,MATCH(37,Positionen!$U$6:$U$205,0))&"") | B66: =IFERROR(INDEX(Positionen!$B$6:$B$205,MATCH(37,Positionen!$U$6:$U$205,0)),"") | C66: =IF(B66="","",INDEX(Positionen!$P$6:$P$205,MATCH(37,Positionen!$U$6:$U$205,0))) | D66: =IF(B66="","",INDEX(Positionen!$Q$6:$Q$205,MATCH(37,Positionen!$U$6:$U$205,0))) | E66: =IF(B66="","",IF(INDEX(Positionen!$F$6:$F$205,MATCH(37,Positionen!$U$6:$U$205,0))="","",INDEX(Positionen!$F$6:$F$205,MATCH(37,Positionen!$U$6:$U$205,0)))) | F66: =IF(B66="","",IF(INDEX(Positionen!$G$6:$G$205,MATCH(37,Positionen!$U$6:$U$205,0))="","",INDEX(Positionen!$G$6:$G$205,MATCH(37,Positionen!$U$6:$U$205,0)))) | G66: =IF(B66="","",IF(INDEX(Positionen!$H$6:$H$205,MATCH(37,Positionen!$U$6:$U$205,0))="","",INDEX(Positionen!$H$6:$H$205,MATCH(37,Positionen!$U$6:$U$205,0)))) | H66: =IF(B66="","",INDEX(Positionen!$L$6:$L$205,MATCH(37,Positionen!$U$6:$U$205,0))) | I66: =IF(B66="","",INDEX(Positionen!$S$6:$S$205,MATCH(37,Positionen!$U$6:$U$205,0))) | J66: =IF(B66="","",IF(INDEX(Positionen!$N$6:$N$205,MATCH(37,Positionen!$U$6:$U$205,0))="","",INDEX(Positionen!$N$6:$N$205,MATCH(37,Positionen!$U$6:$U$205,0))))
A67: =IF(B67="","",INDEX(Positionen!$A$6:$A$205,MATCH(38,Positionen!$U$6:$U$205,0))&"") | B67: =IFERROR(INDEX(Positionen!$B$6:$B$205,MATCH(38,Positionen!$U$6:$U$205,0)),"") | C67: =IF(B67="","",INDEX(Positionen!$P$6:$P$205,MATCH(38,Positionen!$U$6:$U$205,0))) | D67: =IF(B67="","",INDEX(Positionen!$Q$6:$Q$205,MATCH(38,Positionen!$U$6:$U$205,0))) | E67: =IF(B67="","",IF(INDEX(Positionen!$F$6:$F$205,MATCH(38,Positionen!$U$6:$U$205,0))="","",INDEX(Positionen!$F$6:$F$205,MATCH(38,Positionen!$U$6:$U$205,0)))) | F67: =IF(B67="","",IF(INDEX(Positionen!$G$6:$G$205,MATCH(38,Positionen!$U$6:$U$205,0))="","",INDEX(Positionen!$G$6:$G$205,MATCH(38,Positionen!$U$6:$U$205,0)))) | G67: =IF(B67="","",IF(INDEX(Positionen!$H$6:$H$205,MATCH(38,Positionen!$U$6:$U$205,0))="","",INDEX(Positionen!$H$6:$H$205,MATCH(38,Positionen!$U$6:$U$205,0)))) | H67: =IF(B67="","",INDEX(Positionen!$L$6:$L$205,MATCH(38,Positionen!$U$6:$U$205,0))) | I67: =IF(B67="","",INDEX(Positionen!$S$6:$S$205,MATCH(38,Positionen!$U$6:$U$205,0))) | J67: =IF(B67="","",IF(INDEX(Positionen!$N$6:$N$205,MATCH(38,Positionen!$U$6:$U$205,0))="","",INDEX(Positionen!$N$6:$N$205,MATCH(38,Positionen!$U$6:$U$205,0))))
A68: =IF(B68="","",INDEX(Positionen!$A$6:$A$205,MATCH(39,Positionen!$U$6:$U$205,0))&"") | B68: =IFERROR(INDEX(Positionen!$B$6:$B$205,MATCH(39,Positionen!$U$6:$U$205,0)),"") | C68: =IF(B68="","",INDEX(Positionen!$P$6:$P$205,MATCH(39,Positionen!$U$6:$U$205,0))) | D68: =IF(B68="","",INDEX(Positionen!$Q$6:$Q$205,MATCH(39,Positionen!$U$6:$U$205,0))) | E68: =IF(B68="","",IF(INDEX(Positionen!$F$6:$F$205,MATCH(39,Positionen!$U$6:$U$205,0))="","",INDEX(Positionen!$F$6:$F$205,MATCH(39,Positionen!$U$6:$U$205,0)))) | F68: =IF(B68="","",IF(INDEX(Positionen!$G$6:$G$205,MATCH(39,Positionen!$U$6:$U$205,0))="","",INDEX(Positionen!$G$6:$G$205,MATCH(39,Positionen!$U$6:$U$205,0)))) | G68: =IF(B68="","",IF(INDEX(Positionen!$H$6:$H$205,MATCH(39,Positionen!$U$6:$U$205,0))="","",INDEX(Positionen!$H$6:$H$205,MATCH(39,Positionen!$U$6:$U$205,0)))) | H68: =IF(B68="","",INDEX(Positionen!$L$6:$L$205,MATCH(39,Positionen!$U$6:$U$205,0))) | I68: =IF(B68="","",INDEX(Positionen!$S$6:$S$205,MATCH(39,Positionen!$U$6:$U$205,0))) | J68: =IF(B68="","",IF(INDEX(Positionen!$N$6:$N$205,MATCH(39,Positionen!$U$6:$U$205,0))="","",INDEX(Positionen!$N$6:$N$205,MATCH(39,Positionen!$U$6:$U$205,0))))
A69: =IF(B69="","",INDEX(Positionen!$A$6:$A$205,MATCH(40,Positionen!$U$6:$U$205,0))&"") | B69: =IFERROR(INDEX(Positionen!$B$6:$B$205,MATCH(40,Positionen!$U$6:$U$205,0)),"") | C69: =IF(B69="","",INDEX(Positionen!$P$6:$P$205,MATCH(40,Positionen!$U$6:$U$205,0))) | D69: =IF(B69="","",INDEX(Positionen!$Q$6:$Q$205,MATCH(40,Positionen!$U$6:$U$205,0))) | E69: =IF(B69="","",IF(INDEX(Positionen!$F$6:$F$205,MATCH(40,Positionen!$U$6:$U$205,0))="","",INDEX(Positionen!$F$6:$F$205,MATCH(40,Positionen!$U$6:$U$205,0)))) | F69: =IF(B69="","",IF(INDEX(Positionen!$G$6:$G$205,MATCH(40,Positionen!$U$6:$U$205,0))="","",INDEX(Positionen!$G$6:$G$205,MATCH(40,Positionen!$U$6:$U$205,0)))) | G69: =IF(B69="","",IF(INDEX(Positionen!$H$6:$H$205,MATCH(40,Positionen!$U$6:$U$205,0))="","",INDEX(Positionen!$H$6:$H$205,MATCH(40,Positionen!$U$6:$U$205,0)))) | H69: =IF(B69="","",INDEX(Positionen!$L$6:$L$205,MATCH(40,Positionen!$U$6:$U$205,0))) | I69: =IF(B69="","",INDEX(Positionen!$S$6:$S$205,MATCH(40,Positionen!$U$6:$U$205,0))) | J69: =IF(B69="","",IF(INDEX(Positionen!$N$6:$N$205,MATCH(40,Positionen!$U$6:$U$205,0))="","",INDEX(Positionen!$N$6:$N$205,MATCH(40,Positionen!$U$6:$U$205,0))))
A70: =IF(B70="","",INDEX(Positionen!$A$6:$A$205,MATCH(41,Positionen!$U$6:$U$205,0))&"") | B70: =IFERROR(INDEX(Positionen!$B$6:$B$205,MATCH(41,Positionen!$U$6:$U$205,0)),"") | C70: =IF(B70="","",INDEX(Positionen!$P$6:$P$205,MATCH(41,Positionen!$U$6:$U$205,0))) | D70: =IF(B70="","",INDEX(Positionen!$Q$6:$Q$205,MATCH(41,Positionen!$U$6:$U$205,0))) | E70: =IF(B70="","",IF(INDEX(Positionen!$F$6:$F$205,MATCH(41,Positionen!$U$6:$U$205,0))="","",INDEX(Positionen!$F$6:$F$205,MATCH(41,Positionen!$U$6:$U$205,0)))) | F70: =IF(B70="","",IF(INDEX(Positionen!$G$6:$G$205,MATCH(41,Positionen!$U$6:$U$205,0))="","",INDEX(Positionen!$G$6:$G$205,MATCH(41,Positionen!$U$6:$U$205,0)))) | G70: =IF(B70="","",IF(INDEX(Positionen!$H$6:$H$205,MATCH(41,Positionen!$U$6:$U$205,0))="","",INDEX(Positionen!$H$6:$H$205,MATCH(41,Positionen!$U$6:$U$205,0)))) | H70: =IF(B70="","",INDEX(Positionen!$L$6:$L$205,MATCH(41,Positionen!$U$6:$U$205,0))) | I70: =IF(B70="","",INDEX(Positionen!$S$6:$S$205,MATCH(41,Positionen!$U$6:$U$205,0))) | J70: =IF(B70="","",IF(INDEX(Positionen!$N$6:$N$205,MATCH(41,Positionen!$U$6:$U$205,0))="","",INDEX(Positionen!$N$6:$N$205,MATCH(41,Positionen!$U$6:$U$205,0))))
A71: =IF(B71="","",INDEX(Positionen!$A$6:$A$205,MATCH(42,Positionen!$U$6:$U$205,0))&"") | B71: =IFERROR(INDEX(Positionen!$B$6:$B$205,MATCH(42,Positionen!$U$6:$U$205,0)),"") | C71: =IF(B71="","",INDEX(Positionen!$P$6:$P$205,MATCH(42,Positionen!$U$6:$U$205,0))) | D71: =IF(B71="","",INDEX(Positionen!$Q$6:$Q$205,MATCH(42,Positionen!$U$6:$U$205,0))) | E71: =IF(B71="","",IF(INDEX(Positionen!$F$6:$F$205,MATCH(42,Positionen!$U$6:$U$205,0))="","",INDEX(Positionen!$F$6:$F$205,MATCH(42,Positionen!$U$6:$U$205,0)))) | F71: =IF(B71="","",IF(INDEX(Positionen!$G$6:$G$205,MATCH(42,Positionen!$U$6:$U$205,0))="","",INDEX(Positionen!$G$6:$G$205,MATCH(42,Positionen!$U$6:$U$205,0)))) | G71: =IF(B71="","",IF(INDEX(Positionen!$H$6:$H$205,MATCH(42,Positionen!$U$6:$U$205,0))="","",INDEX(Positionen!$H$6:$H$205,MATCH(42,Positionen!$U$6:$U$205,0)))) | H71: =IF(B71="","",INDEX(Positionen!$L$6:$L$205,MATCH(42,Positionen!$U$6:$U$205,0))) | I71: =IF(B71="","",INDEX(Positionen!$S$6:$S$205,MATCH(42,Positionen!$U$6:$U$205,0))) | J71: =IF(B71="","",IF(INDEX(Positionen!$N$6:$N$205,MATCH(42,Positionen!$U$6:$U$205,0))="","",INDEX(Positionen!$N$6:$N$205,MATCH(42,Positionen!$U$6:$U$205,0))))
A72: =IF(B72="","",INDEX(Positionen!$A$6:$A$205,MATCH(43,Positionen!$U$6:$U$205,0))&"") | B72: =IFERROR(INDEX(Positionen!$B$6:$B$205,MATCH(43,Positionen!$U$6:$U$205,0)),"") | C72: =IF(B72="","",INDEX(Positionen!$P$6:$P$205,MATCH(43,Positionen!$U$6:$U$205,0))) | D72: =IF(B72="","",INDEX(Positionen!$Q$6:$Q$205,MATCH(43,Positionen!$U$6:$U$205,0))) | E72: =IF(B72="","",IF(INDEX(Positionen!$F$6:$F$205,MATCH(43,Positionen!$U$6:$U$205,0))="","",INDEX(Positionen!$F$6:$F$205,MATCH(43,Positionen!$U$6:$U$205,0)))) | F72: =IF(B72="","",IF(INDEX(Positionen!$G$6:$G$205,MATCH(43,Positionen!$U$6:$U$205,0))="","",INDEX(Positionen!$G$6:$G$205,MATCH(43,Positionen!$U$6:$U$205,0)))) | G72: =IF(B72="","",IF(INDEX(Positionen!$H$6:$H$205,MATCH(43,Positionen!$U$6:$U$205,0))="","",INDEX(Positionen!$H$6:$H$205,MATCH(43,Positionen!$U$6:$U$205,0)))) | H72: =IF(B72="","",INDEX(Positionen!$L$6:$L$205,MATCH(43,Positionen!$U$6:$U$205,0))) | I72: =IF(B72="","",INDEX(Positionen!$S$6:$S$205,MATCH(43,Positionen!$U$6:$U$205,0))) | J72: =IF(B72="","",IF(INDEX(Positionen!$N$6:$N$205,MATCH(43,Positionen!$U$6:$U$205,0))="","",INDEX(Positionen!$N$6:$N$205,MATCH(43,Positionen!$U$6:$U$205,0))))
A73: =IF(B73="","",INDEX(Positionen!$A$6:$A$205,MATCH(44,Positionen!$U$6:$U$205,0))&"") | B73: =IFERROR(INDEX(Positionen!$B$6:$B$205,MATCH(44,Positionen!$U$6:$U$205,0)),"") | C73: =IF(B73="","",INDEX(Positionen!$P$6:$P$205,MATCH(44,Positionen!$U$6:$U$205,0))) | D73: =IF(B73="","",INDEX(Positionen!$Q$6:$Q$205,MATCH(44,Positionen!$U$6:$U$205,0))) | E73: =IF(B73="","",IF(INDEX(Positionen!$F$6:$F$205,MATCH(44,Positionen!$U$6:$U$205,0))="","",INDEX(Positionen!$F$6:$F$205,MATCH(44,Positionen!$U$6:$U$205,0)))) | F73: =IF(B73="","",IF(INDEX(Positionen!$G$6:$G$205,MATCH(44,Positionen!$U$6:$U$205,0))="","",INDEX(Positionen!$G$6:$G$205,MATCH(44,Positionen!$U$6:$U$205,0)))) | G73: =IF(B73="","",IF(INDEX(Positionen!$H$6:$H$205,MATCH(44,Positionen!$U$6:$U$205,0))="","",INDEX(Positionen!$H$6:$H$205,MATCH(44,Positionen!$U$6:$U$205,0)))) | H73: =IF(B73="","",INDEX(Positionen!$L$6:$L$205,MATCH(44,Positionen!$U$6:$U$205,0))) | I73: =IF(B73="","",INDEX(Positionen!$S$6:$S$205,MATCH(44,Positionen!$U$6:$U$205,0))) | J73: =IF(B73="","",IF(INDEX(Positionen!$N$6:$N$205,MATCH(44,Positionen!$U$6:$U$205,0))="","",INDEX(Positionen!$N$6:$N$205,MATCH(44,Positionen!$U$6:$U$205,0))))
A74: =IF(B74="","",INDEX(Positionen!$A$6:$A$205,MATCH(45,Positionen!$U$6:$U$205,0))&"") | B74: =IFERROR(INDEX(Positionen!$B$6:$B$205,MATCH(45,Positionen!$U$6:$U$205,0)),"") | C74: =IF(B74="","",INDEX(Positionen!$P$6:$P$205,MATCH(45,Positionen!$U$6:$U$205,0))) | D74: =IF(B74="","",INDEX(Positionen!$Q$6:$Q$205,MATCH(45,Positionen!$U$6:$U$205,0))) | E74: =IF(B74="","",IF(INDEX(Positionen!$F$6:$F$205,MATCH(45,Positionen!$U$6:$U$205,0))="","",INDEX(Positionen!$F$6:$F$205,MATCH(45,Positionen!$U$6:$U$205,0)))) | F74: =IF(B74="","",IF(INDEX(Positionen!$G$6:$G$205,MATCH(45,Positionen!$U$6:$U$205,0))="","",INDEX(Positionen!$G$6:$G$205,MATCH(45,Positionen!$U$6:$U$205,0)))) | G74: =IF(B74="","",IF(INDEX(Positionen!$H$6:$H$205,MATCH(45,Positionen!$U$6:$U$205,0))="","",INDEX(Positionen!$H$6:$H$205,MATCH(45,Positionen!$U$6:$U$205,0)))) | H74: =IF(B74="","",INDEX(Positionen!$L$6:$L$205,MATCH(45,Positionen!$U$6:$U$205,0))) | I74: =IF(B74="","",INDEX(Positionen!$S$6:$S$205,MATCH(45,Positionen!$U$6:$U$205,0))) | J74: =IF(B74="","",IF(INDEX(Positionen!$N$6:$N$205,MATCH(45,Positionen!$U$6:$U$205,0))="","",INDEX(Positionen!$N$6:$N$205,MATCH(45,Positionen!$U$6:$U$205,0))))
A75: =IF(B75="","",INDEX(Positionen!$A$6:$A$205,MATCH(46,Positionen!$U$6:$U$205,0))&"") | B75: =IFERROR(INDEX(Positionen!$B$6:$B$205,MATCH(46,Positionen!$U$6:$U$205,0)),"") | C75: =IF(B75="","",INDEX(Positionen!$P$6:$P$205,MATCH(46,Positionen!$U$6:$U$205,0))) | D75: =IF(B75="","",INDEX(Positionen!$Q$6:$Q$205,MATCH(46,Positionen!$U$6:$U$205,0))) | E75: =IF(B75="","",IF(INDEX(Positionen!$F$6:$F$205,MATCH(46,Positionen!$U$6:$U$205,0))="","",INDEX(Positionen!$F$6:$F$205,MATCH(46,Positionen!$U$6:$U$205,0)))) | F75: =IF(B75="","",IF(INDEX(Positionen!$G$6:$G$205,MATCH(46,Positionen!$U$6:$U$205,0))="","",INDEX(Positionen!$G$6:$G$205,MATCH(46,Positionen!$U$6:$U$205,0)))) | G75: =IF(B75="","",IF(INDEX(Positionen!$H$6:$H$205,MATCH(46,Positionen!$U$6:$U$205,0))="","",INDEX(Positionen!$H$6:$H$205,MATCH(46,Positionen!$U$6:$U$205,0)))) | H75: =IF(B75="","",INDEX(Positionen!$L$6:$L$205,MATCH(46,Positionen!$U$6:$U$205,0))) | I75: =IF(B75="","",INDEX(Positionen!$S$6:$S$205,MATCH(46,Positionen!$U$6:$U$205,0))) | J75: =IF(B75="","",IF(INDEX(Positionen!$N$6:$N$205,MATCH(46,Positionen!$U$6:$U$205,0))="","",INDEX(Positionen!$N$6:$N$205,MATCH(46,Positionen!$U$6:$U$205,0))))
A76: =IF(B76="","",INDEX(Positionen!$A$6:$A$205,MATCH(47,Positionen!$U$6:$U$205,0))&"") | B76: =IFERROR(INDEX(Positionen!$B$6:$B$205,MATCH(47,Positionen!$U$6:$U$205,0)),"") | C76: =IF(B76="","",INDEX(Positionen!$P$6:$P$205,MATCH(47,Positionen!$U$6:$U$205,0))) | D76: =IF(B76="","",INDEX(Positionen!$Q$6:$Q$205,MATCH(47,Positionen!$U$6:$U$205,0))) | E76: =IF(B76="","",IF(INDEX(Positionen!$F$6:$F$205,MATCH(47,Positionen!$U$6:$U$205,0))="","",INDEX(Positionen!$F$6:$F$205,MATCH(47,Positionen!$U$6:$U$205,0)))) | F76: =IF(B76="","",IF(INDEX(Positionen!$G$6:$G$205,MATCH(47,Positionen!$U$6:$U$205,0))="","",INDEX(Positionen!$G$6:$G$205,MATCH(47,Positionen!$U$6:$U$205,0)))) | G76: =IF(B76="","",IF(INDEX(Positionen!$H$6:$H$205,MATCH(47,Positionen!$U$6:$U$205,0))="","",INDEX(Positionen!$H$6:$H$205,MATCH(47,Positionen!$U$6:$U$205,0)))) | H76: =IF(B76="","",INDEX(Positionen!$L$6:$L$205,MATCH(47,Positionen!$U$6:$U$205,0))) | I76: =IF(B76="","",INDEX(Positionen!$S$6:$S$205,MATCH(47,Positionen!$U$6:$U$205,0))) | J76: =IF(B76="","",IF(INDEX(Positionen!$N$6:$N$205,MATCH(47,Positionen!$U$6:$U$205,0))="","",INDEX(Positionen!$N$6:$N$205,MATCH(47,Positionen!$U$6:$U$205,0))))
A77: =IF(B77="","",INDEX(Positionen!$A$6:$A$205,MATCH(48,Positionen!$U$6:$U$205,0))&"") | B77: =IFERROR(INDEX(Positionen!$B$6:$B$205,MATCH(48,Positionen!$U$6:$U$205,0)),"") | C77: =IF(B77="","",INDEX(Positionen!$P$6:$P$205,MATCH(48,Positionen!$U$6:$U$205,0))) | D77: =IF(B77="","",INDEX(Positionen!$Q$6:$Q$205,MATCH(48,Positionen!$U$6:$U$205,0))) | E77: =IF(B77="","",IF(INDEX(Positionen!$F$6:$F$205,MATCH(48,Positionen!$U$6:$U$205,0))="","",INDEX(Positionen!$F$6:$F$205,MATCH(48,Positionen!$U$6:$U$205,0)))) | F77: =IF(B77="","",IF(INDEX(Positionen!$G$6:$G$205,MATCH(48,Positionen!$U$6:$U$205,0))="","",INDEX(Positionen!$G$6:$G$205,MATCH(48,Positionen!$U$6:$U$205,0)))) | G77: =IF(B77="","",IF(INDEX(Positionen!$H$6:$H$205,MATCH(48,Positionen!$U$6:$U$205,0))="","",INDEX(Positionen!$H$6:$H$205,MATCH(48,Positionen!$U$6:$U$205,0)))) | H77: =IF(B77="","",INDEX(Positionen!$L$6:$L$205,MATCH(48,Positionen!$U$6:$U$205,0))) | I77: =IF(B77="","",INDEX(Positionen!$S$6:$S$205,MATCH(48,Positionen!$U$6:$U$205,0))) | J77: =IF(B77="","",IF(INDEX(Positionen!$N$6:$N$205,MATCH(48,Positionen!$U$6:$U$205,0))="","",INDEX(Positionen!$N$6:$N$205,MATCH(48,Positionen!$U$6:$U$205,0))))
A78: =IF(B78="","",INDEX(Positionen!$A$6:$A$205,MATCH(49,Positionen!$U$6:$U$205,0))&"") | B78: =IFERROR(INDEX(Positionen!$B$6:$B$205,MATCH(49,Positionen!$U$6:$U$205,0)),"") | C78: =IF(B78="","",INDEX(Positionen!$P$6:$P$205,MATCH(49,Positionen!$U$6:$U$205,0))) | D78: =IF(B78="","",INDEX(Positionen!$Q$6:$Q$205,MATCH(49,Positionen!$U$6:$U$205,0))) | E78: =IF(B78="","",IF(INDEX(Positionen!$F$6:$F$205,MATCH(49,Positionen!$U$6:$U$205,0))="","",INDEX(Positionen!$F$6:$F$205,MATCH(49,Positionen!$U$6:$U$205,0)))) | F78: =IF(B78="","",IF(INDEX(Positionen!$G$6:$G$205,MATCH(49,Positionen!$U$6:$U$205,0))="","",INDEX(Positionen!$G$6:$G$205,MATCH(49,Positionen!$U$6:$U$205,0)))) | G78: =IF(B78="","",IF(INDEX(Positionen!$H$6:$H$205,MATCH(49,Positionen!$U$6:$U$205,0))="","",INDEX(Positionen!$H$6:$H$205,MATCH(49,Positionen!$U$6:$U$205,0)))) | H78: =IF(B78="","",INDEX(Positionen!$L$6:$L$205,MATCH(49,Positionen!$U$6:$U$205,0))) | I78: =IF(B78="","",INDEX(Positionen!$S$6:$S$205,MATCH(49,Positionen!$U$6:$U$205,0))) | J78: =IF(B78="","",IF(INDEX(Positionen!$N$6:$N$205,MATCH(49,Positionen!$U$6:$U$205,0))="","",INDEX(Positionen!$N$6:$N$205,MATCH(49,Positionen!$U$6:$U$205,0))))
A79: =IF(B79="","",INDEX(Positionen!$A$6:$A$205,MATCH(50,Positionen!$U$6:$U$205,0))&"") | B79: =IFERROR(INDEX(Positionen!$B$6:$B$205,MATCH(50,Positionen!$U$6:$U$205,0)),"") | C79: =IF(B79="","",INDEX(Positionen!$P$6:$P$205,MATCH(50,Positionen!$U$6:$U$205,0))) | D79: =IF(B79="","",INDEX(Positionen!$Q$6:$Q$205,MATCH(50,Positionen!$U$6:$U$205,0))) | E79: =IF(B79="","",IF(INDEX(Positionen!$F$6:$F$205,MATCH(50,Positionen!$U$6:$U$205,0))="","",INDEX(Positionen!$F$6:$F$205,MATCH(50,Positionen!$U$6:$U$205,0)))) | F79: =IF(B79="","",IF(INDEX(Positionen!$G$6:$G$205,MATCH(50,Positionen!$U$6:$U$205,0))="","",INDEX(Positionen!$G$6:$G$205,MATCH(50,Positionen!$U$6:$U$205,0)))) | G79: =IF(B79="","",IF(INDEX(Positionen!$H$6:$H$205,MATCH(50,Positionen!$U$6:$U$205,0))="","",INDEX(Positionen!$H$6:$H$205,MATCH(50,Positionen!$U$6:$U$205,0)))) | H79: =IF(B79="","",INDEX(Positionen!$L$6:$L$205,MATCH(50,Positionen!$U$6:$U$205,0))) | I79: =IF(B79="","",INDEX(Positionen!$S$6:$S$205,MATCH(50,Positionen!$U$6:$U$205,0))) | J79: =IF(B79="","",IF(INDEX(Positionen!$N$6:$N$205,MATCH(50,Positionen!$U$6:$U$205,0))="","",INDEX(Positionen!$N$6:$N$205,MATCH(50,Positionen!$U$6:$U$205,0))))
A80: =IF(B80="","",INDEX(Positionen!$A$6:$A$205,MATCH(51,Positionen!$U$6:$U$205,0))&"") | B80: =IFERROR(INDEX(Positionen!$B$6:$B$205,MATCH(51,Positionen!$U$6:$U$205,0)),"") | C80: =IF(B80="","",INDEX(Positionen!$P$6:$P$205,MATCH(51,Positionen!$U$6:$U$205,0))) | D80: =IF(B80="","",INDEX(Positionen!$Q$6:$Q$205,MATCH(51,Positionen!$U$6:$U$205,0))) | E80: =IF(B80="","",IF(INDEX(Positionen!$F$6:$F$205,MATCH(51,Positionen!$U$6:$U$205,0))="","",INDEX(Positionen!$F$6:$F$205,MATCH(51,Positionen!$U$6:$U$205,0)))) | F80: =IF(B80="","",IF(INDEX(Positionen!$G$6:$G$205,MATCH(51,Positionen!$U$6:$U$205,0))="","",INDEX(Positionen!$G$6:$G$205,MATCH(51,Positionen!$U$6:$U$205,0)))) | G80: =IF(B80="","",IF(INDEX(Positionen!$H$6:$H$205,MATCH(51,Positionen!$U$6:$U$205,0))="","",INDEX(Positionen!$H$6:$H$205,MATCH(51,Positionen!$U$6:$U$205,0)))) | H80: =IF(B80="","",INDEX(Positionen!$L$6:$L$205,MATCH(51,Positionen!$U$6:$U$205,0))) | I80: =IF(B80="","",INDEX(Positionen!$S$6:$S$205,MATCH(51,Positionen!$U$6:$U$205,0))) | J80: =IF(B80="","",IF(INDEX(Positionen!$N$6:$N$205,MATCH(51,Positionen!$U$6:$U$205,0))="","",INDEX(Positionen!$N$6:$N$205,MATCH(51,Positionen!$U$6:$U$205,0))))
A81: =IF(B81="","",INDEX(Positionen!$A$6:$A$205,MATCH(52,Positionen!$U$6:$U$205,0))&"") | B81: =IFERROR(INDEX(Positionen!$B$6:$B$205,MATCH(52,Positionen!$U$6:$U$205,0)),"") | C81: =IF(B81="","",INDEX(Positionen!$P$6:$P$205,MATCH(52,Positionen!$U$6:$U$205,0))) | D81: =IF(B81="","",INDEX(Positionen!$Q$6:$Q$205,MATCH(52,Positionen!$U$6:$U$205,0))) | E81: =IF(B81="","",IF(INDEX(Positionen!$F$6:$F$205,MATCH(52,Positionen!$U$6:$U$205,0))="","",INDEX(Positionen!$F$6:$F$205,MATCH(52,Positionen!$U$6:$U$205,0)))) | F81: =IF(B81="","",IF(INDEX(Positionen!$G$6:$G$205,MATCH(52,Positionen!$U$6:$U$205,0))="","",INDEX(Positionen!$G$6:$G$205,MATCH(52,Positionen!$U$6:$U$205,0)))) | G81: =IF(B81="","",IF(INDEX(Positionen!$H$6:$H$205,MATCH(52,Positionen!$U$6:$U$205,0))="","",INDEX(Positionen!$H$6:$H$205,MATCH(52,Positionen!$U$6:$U$205,0)))) | H81: =IF(B81="","",INDEX(Positionen!$L$6:$L$205,MATCH(52,Positionen!$U$6:$U$205,0))) | I81: =IF(B81="","",INDEX(Positionen!$S$6:$S$205,MATCH(52,Positionen!$U$6:$U$205,0))) | J81: =IF(B81="","",IF(INDEX(Positionen!$N$6:$N$205,MATCH(52,Positionen!$U$6:$U$205,0))="","",INDEX(Positionen!$N$6:$N$205,MATCH(52,Positionen!$U$6:$U$205,0))))
A82: =IF(B82="","",INDEX(Positionen!$A$6:$A$205,MATCH(53,Positionen!$U$6:$U$205,0))&"") | B82: =IFERROR(INDEX(Positionen!$B$6:$B$205,MATCH(53,Positionen!$U$6:$U$205,0)),"") | C82: =IF(B82="","",INDEX(Positionen!$P$6:$P$205,MATCH(53,Positionen!$U$6:$U$205,0))) | D82: =IF(B82="","",INDEX(Positionen!$Q$6:$Q$205,MATCH(53,Positionen!$U$6:$U$205,0))) | E82: =IF(B82="","",IF(INDEX(Positionen!$F$6:$F$205,MATCH(53,Positionen!$U$6:$U$205,0))="","",INDEX(Positionen!$F$6:$F$205,MATCH(53,Positionen!$U$6:$U$205,0)))) | F82: =IF(B82="","",IF(INDEX(Positionen!$G$6:$G$205,MATCH(53,Positionen!$U$6:$U$205,0))="","",INDEX(Positionen!$G$6:$G$205,MATCH(53,Positionen!$U$6:$U$205,0)))) | G82: =IF(B82="","",IF(INDEX(Positionen!$H$6:$H$205,MATCH(53,Positionen!$U$6:$U$205,0))="","",INDEX(Positionen!$H$6:$H$205,MATCH(53,Positionen!$U$6:$U$205,0)))) | H82: =IF(B82="","",INDEX(Positionen!$L$6:$L$205,MATCH(53,Positionen!$U$6:$U$205,0))) | I82: =IF(B82="","",INDEX(Positionen!$S$6:$S$205,MATCH(53,Positionen!$U$6:$U$205,0))) | J82: =IF(B82="","",IF(INDEX(Positionen!$N$6:$N$205,MATCH(53,Positionen!$U$6:$U$205,0))="","",INDEX(Positionen!$N$6:$N$205,MATCH(53,Positionen!$U$6:$U$205,0))))
A83: =IF(B83="","",INDEX(Positionen!$A$6:$A$205,MATCH(54,Positionen!$U$6:$U$205,0))&"") | B83: =IFERROR(INDEX(Positionen!$B$6:$B$205,MATCH(54,Positionen!$U$6:$U$205,0)),"") | C83: =IF(B83="","",INDEX(Positionen!$P$6:$P$205,MATCH(54,Positionen!$U$6:$U$205,0))) | D83: =IF(B83="","",INDEX(Positionen!$Q$6:$Q$205,MATCH(54,Positionen!$U$6:$U$205,0))) | E83: =IF(B83="","",IF(INDEX(Positionen!$F$6:$F$205,MATCH(54,Positionen!$U$6:$U$205,0))="","",INDEX(Positionen!$F$6:$F$205,MATCH(54,Positionen!$U$6:$U$205,0)))) | F83: =IF(B83="","",IF(INDEX(Positionen!$G$6:$G$205,MATCH(54,Positionen!$U$6:$U$205,0))="","",INDEX(Positionen!$G$6:$G$205,MATCH(54,Positionen!$U$6:$U$205,0)))) | G83: =IF(B83="","",IF(INDEX(Positionen!$H$6:$H$205,MATCH(54,Positionen!$U$6:$U$205,0))="","",INDEX(Positionen!$H$6:$H$205,MATCH(54,Positionen!$U$6:$U$205,0)))) | H83: =IF(B83="","",INDEX(Positionen!$L$6:$L$205,MATCH(54,Positionen!$U$6:$U$205,0))) | I83: =IF(B83="","",INDEX(Positionen!$S$6:$S$205,MATCH(54,Positionen!$U$6:$U$205,0))) | J83: =IF(B83="","",IF(INDEX(Positionen!$N$6:$N$205,MATCH(54,Positionen!$U$6:$U$205,0))="","",INDEX(Positionen!$N$6:$N$205,MATCH(54,Positionen!$U$6:$U$205,0))))
A84: =IF(B84="","",INDEX(Positionen!$A$6:$A$205,MATCH(55,Positionen!$U$6:$U$205,0))&"") | B84: =IFERROR(INDEX(Positionen!$B$6:$B$205,MATCH(55,Positionen!$U$6:$U$205,0)),"") | C84: =IF(B84="","",INDEX(Positionen!$P$6:$P$205,MATCH(55,Positionen!$U$6:$U$205,0))) | D84: =IF(B84="","",INDEX(Positionen!$Q$6:$Q$205,MATCH(55,Positionen!$U$6:$U$205,0))) | E84: =IF(B84="","",IF(INDEX(Positionen!$F$6:$F$205,MATCH(55,Positionen!$U$6:$U$205,0))="","",INDEX(Positionen!$F$6:$F$205,MATCH(55,Positionen!$U$6:$U$205,0)))) | F84: =IF(B84="","",IF(INDEX(Positionen!$G$6:$G$205,MATCH(55,Positionen!$U$6:$U$205,0))="","",INDEX(Positionen!$G$6:$G$205,MATCH(55,Positionen!$U$6:$U$205,0)))) | G84: =IF(B84="","",IF(INDEX(Positionen!$H$6:$H$205,MATCH(55,Positionen!$U$6:$U$205,0))="","",INDEX(Positionen!$H$6:$H$205,MATCH(55,Positionen!$U$6:$U$205,0)))) | H84: =IF(B84="","",INDEX(Positionen!$L$6:$L$205,MATCH(55,Positionen!$U$6:$U$205,0))) | I84: =IF(B84="","",INDEX(Positionen!$S$6:$S$205,MATCH(55,Positionen!$U$6:$U$205,0))) | J84: =IF(B84="","",IF(INDEX(Positionen!$N$6:$N$205,MATCH(55,Positionen!$U$6:$U$205,0))="","",INDEX(Positionen!$N$6:$N$205,MATCH(55,Positionen!$U$6:$U$205,0))))
A85: =IF(B85="","",INDEX(Positionen!$A$6:$A$205,MATCH(56,Positionen!$U$6:$U$205,0))&"") | B85: =IFERROR(INDEX(Positionen!$B$6:$B$205,MATCH(56,Positionen!$U$6:$U$205,0)),"") | C85: =IF(B85="","",INDEX(Positionen!$P$6:$P$205,MATCH(56,Positionen!$U$6:$U$205,0))) | D85: =IF(B85="","",INDEX(Positionen!$Q$6:$Q$205,MATCH(56,Positionen!$U$6:$U$205,0))) | E85: =IF(B85="","",IF(INDEX(Positionen!$F$6:$F$205,MATCH(56,Positionen!$U$6:$U$205,0))="","",INDEX(Positionen!$F$6:$F$205,MATCH(56,Positionen!$U$6:$U$205,0)))) | F85: =IF(B85="","",IF(INDEX(Positionen!$G$6:$G$205,MATCH(56,Positionen!$U$6:$U$205,0))="","",INDEX(Positionen!$G$6:$G$205,MATCH(56,Positionen!$U$6:$U$205,0)))) | G85: =IF(B85="","",IF(INDEX(Positionen!$H$6:$H$205,MATCH(56,Positionen!$U$6:$U$205,0))="","",INDEX(Positionen!$H$6:$H$205,MATCH(56,Positionen!$U$6:$U$205,0)))) | H85: =IF(B85="","",INDEX(Positionen!$L$6:$L$205,MATCH(56,Positionen!$U$6:$U$205,0))) | I85: =IF(B85="","",INDEX(Positionen!$S$6:$S$205,MATCH(56,Positionen!$U$6:$U$205,0))) | J85: =IF(B85="","",IF(INDEX(Positionen!$N$6:$N$205,MATCH(56,Positionen!$U$6:$U$205,0))="","",INDEX(Positionen!$N$6:$N$205,MATCH(56,Positionen!$U$6:$U$205,0))))
A86: =IF(B86="","",INDEX(Positionen!$A$6:$A$205,MATCH(57,Positionen!$U$6:$U$205,0))&"") | B86: =IFERROR(INDEX(Positionen!$B$6:$B$205,MATCH(57,Positionen!$U$6:$U$205,0)),"") | C86: =IF(B86="","",INDEX(Positionen!$P$6:$P$205,MATCH(57,Positionen!$U$6:$U$205,0))) | D86: =IF(B86="","",INDEX(Positionen!$Q$6:$Q$205,MATCH(57,Positionen!$U$6:$U$205,0))) | E86: =IF(B86="","",IF(INDEX(Positionen!$F$6:$F$205,MATCH(57,Positionen!$U$6:$U$205,0))="","",INDEX(Positionen!$F$6:$F$205,MATCH(57,Positionen!$U$6:$U$205,0)))) | F86: =IF(B86="","",IF(INDEX(Positionen!$G$6:$G$205,MATCH(57,Positionen!$U$6:$U$205,0))="","",INDEX(Positionen!$G$6:$G$205,MATCH(57,Positionen!$U$6:$U$205,0)))) | G86: =IF(B86="","",IF(INDEX(Positionen!$H$6:$H$205,MATCH(57,Positionen!$U$6:$U$205,0))="","",INDEX(Positionen!$H$6:$H$205,MATCH(57,Positionen!$U$6:$U$205,0)))) | H86: =IF(B86="","",INDEX(Positionen!$L$6:$L$205,MATCH(57,Positionen!$U$6:$U$205,0))) | I86: =IF(B86="","",INDEX(Positionen!$S$6:$S$205,MATCH(57,Positionen!$U$6:$U$205,0))) | J86: =IF(B86="","",IF(INDEX(Positionen!$N$6:$N$205,MATCH(57,Positionen!$U$6:$U$205,0))="","",INDEX(Positionen!$N$6:$N$205,MATCH(57,Positionen!$U$6:$U$205,0))))
A87: =IF(B87="","",INDEX(Positionen!$A$6:$A$205,MATCH(58,Positionen!$U$6:$U$205,0))&"") | B87: =IFERROR(INDEX(Positionen!$B$6:$B$205,MATCH(58,Positionen!$U$6:$U$205,0)),"") | C87: =IF(B87="","",INDEX(Positionen!$P$6:$P$205,MATCH(58,Positionen!$U$6:$U$205,0))) | D87: =IF(B87="","",INDEX(Positionen!$Q$6:$Q$205,MATCH(58,Positionen!$U$6:$U$205,0))) | E87: =IF(B87="","",IF(INDEX(Positionen!$F$6:$F$205,MATCH(58,Positionen!$U$6:$U$205,0))="","",INDEX(Positionen!$F$6:$F$205,MATCH(58,Positionen!$U$6:$U$205,0)))) | F87: =IF(B87="","",IF(INDEX(Positionen!$G$6:$G$205,MATCH(58,Positionen!$U$6:$U$205,0))="","",INDEX(Positionen!$G$6:$G$205,MATCH(58,Positionen!$U$6:$U$205,0)))) | G87: =IF(B87="","",IF(INDEX(Positionen!$H$6:$H$205,MATCH(58,Positionen!$U$6:$U$205,0))="","",INDEX(Positionen!$H$6:$H$205,MATCH(58,Positionen!$U$6:$U$205,0)))) | H87: =IF(B87="","",INDEX(Positionen!$L$6:$L$205,MATCH(58,Positionen!$U$6:$U$205,0))) | I87: =IF(B87="","",INDEX(Positionen!$S$6:$S$205,MATCH(58,Positionen!$U$6:$U$205,0))) | J87: =IF(B87="","",IF(INDEX(Positionen!$N$6:$N$205,MATCH(58,Positionen!$U$6:$U$205,0))="","",INDEX(Positionen!$N$6:$N$205,MATCH(58,Positionen!$U$6:$U$205,0))))
A88: =IF(B88="","",INDEX(Positionen!$A$6:$A$205,MATCH(59,Positionen!$U$6:$U$205,0))&"") | B88: =IFERROR(INDEX(Positionen!$B$6:$B$205,MATCH(59,Positionen!$U$6:$U$205,0)),"") | C88: =IF(B88="","",INDEX(Positionen!$P$6:$P$205,MATCH(59,Positionen!$U$6:$U$205,0))) | D88: =IF(B88="","",INDEX(Positionen!$Q$6:$Q$205,MATCH(59,Positionen!$U$6:$U$205,0))) | E88: =IF(B88="","",IF(INDEX(Positionen!$F$6:$F$205,MATCH(59,Positionen!$U$6:$U$205,0))="","",INDEX(Positionen!$F$6:$F$205,MATCH(59,Positionen!$U$6:$U$205,0)))) | F88: =IF(B88="","",IF(INDEX(Positionen!$G$6:$G$205,MATCH(59,Positionen!$U$6:$U$205,0))="","",INDEX(Positionen!$G$6:$G$205,MATCH(59,Positionen!$U$6:$U$205,0)))) | G88: =IF(B88="","",IF(INDEX(Positionen!$H$6:$H$205,MATCH(59,Positionen!$U$6:$U$205,0))="","",INDEX(Positionen!$H$6:$H$205,MATCH(59,Positionen!$U$6:$U$205,0)))) | H88: =IF(B88="","",INDEX(Positionen!$L$6:$L$205,MATCH(59,Positionen!$U$6:$U$205,0))) | I88: =IF(B88="","",INDEX(Positionen!$S$6:$S$205,MATCH(59,Positionen!$U$6:$U$205,0))) | J88: =IF(B88="","",IF(INDEX(Positionen!$N$6:$N$205,MATCH(59,Positionen!$U$6:$U$205,0))="","",INDEX(Positionen!$N$6:$N$205,MATCH(59,Positionen!$U$6:$U$205,0))))
A89: =IF(B89="","",INDEX(Positionen!$A$6:$A$205,MATCH(60,Positionen!$U$6:$U$205,0))&"") | B89: =IFERROR(INDEX(Positionen!$B$6:$B$205,MATCH(60,Positionen!$U$6:$U$205,0)),"") | C89: =IF(B89="","",INDEX(Positionen!$P$6:$P$205,MATCH(60,Positionen!$U$6:$U$205,0))) | D89: =IF(B89="","",INDEX(Positionen!$Q$6:$Q$205,MATCH(60,Positionen!$U$6:$U$205,0))) | E89: =IF(B89="","",IF(INDEX(Positionen!$F$6:$F$205,MATCH(60,Positionen!$U$6:$U$205,0))="","",INDEX(Positionen!$F$6:$F$205,MATCH(60,Positionen!$U$6:$U$205,0)))) | F89: =IF(B89="","",IF(INDEX(Positionen!$G$6:$G$205,MATCH(60,Positionen!$U$6:$U$205,0))="","",INDEX(Positionen!$G$6:$G$205,MATCH(60,Positionen!$U$6:$U$205,0)))) | G89: =IF(B89="","",IF(INDEX(Positionen!$H$6:$H$205,MATCH(60,Positionen!$U$6:$U$205,0))="","",INDEX(Positionen!$H$6:$H$205,MATCH(60,Positionen!$U$6:$U$205,0)))) | H89: =IF(B89="","",INDEX(Positionen!$L$6:$L$205,MATCH(60,Positionen!$U$6:$U$205,0))) | I89: =IF(B89="","",INDEX(Positionen!$S$6:$S$205,MATCH(60,Positionen!$U$6:$U$205,0))) | J89: =IF(B89="","",IF(INDEX(Positionen!$N$6:$N$205,MATCH(60,Positionen!$U$6:$U$205,0))="","",INDEX(Positionen!$N$6:$N$205,MATCH(60,Positionen!$U$6:$U$205,0))))
A90: =IF(B90="","",INDEX(Positionen!$A$6:$A$205,MATCH(61,Positionen!$U$6:$U$205,0))&"") | B90: =IFERROR(INDEX(Positionen!$B$6:$B$205,MATCH(61,Positionen!$U$6:$U$205,0)),"") | C90: =IF(B90="","",INDEX(Positionen!$P$6:$P$205,MATCH(61,Positionen!$U$6:$U$205,0))) | D90: =IF(B90="","",INDEX(Positionen!$Q$6:$Q$205,MATCH(61,Positionen!$U$6:$U$205,0))) | E90: =IF(B90="","",IF(INDEX(Positionen!$F$6:$F$205,MATCH(61,Positionen!$U$6:$U$205,0))="","",INDEX(Positionen!$F$6:$F$205,MATCH(61,Positionen!$U$6:$U$205,0)))) | F90: =IF(B90="","",IF(INDEX(Positionen!$G$6:$G$205,MATCH(61,Positionen!$U$6:$U$205,0))="","",INDEX(Positionen!$G$6:$G$205,MATCH(61,Positionen!$U$6:$U$205,0)))) | G90: =IF(B90="","",IF(INDEX(Positionen!$H$6:$H$205,MATCH(61,Positionen!$U$6:$U$205,0))="","",INDEX(Positionen!$H$6:$H$205,MATCH(61,Positionen!$U$6:$U$205,0)))) | H90: =IF(B90="","",INDEX(Positionen!$L$6:$L$205,MATCH(61,Positionen!$U$6:$U$205,0))) | I90: =IF(B90="","",INDEX(Positionen!$S$6:$S$205,MATCH(61,Positionen!$U$6:$U$205,0))) | J90: =IF(B90="","",IF(INDEX(Positionen!$N$6:$N$205,MATCH(61,Positionen!$U$6:$U$205,0))="","",INDEX(Positionen!$N$6:$N$205,MATCH(61,Positionen!$U$6:$U$205,0))))
A91: =IF(B91="","",INDEX(Positionen!$A$6:$A$205,MATCH(62,Positionen!$U$6:$U$205,0))&"") | B91: =IFERROR(INDEX(Positionen!$B$6:$B$205,MATCH(62,Positionen!$U$6:$U$205,0)),"") | C91: =IF(B91="","",INDEX(Positionen!$P$6:$P$205,MATCH(62,Positionen!$U$6:$U$205,0))) | D91: =IF(B91="","",INDEX(Positionen!$Q$6:$Q$205,MATCH(62,Positionen!$U$6:$U$205,0))) | E91: =IF(B91="","",IF(INDEX(Positionen!$F$6:$F$205,MATCH(62,Positionen!$U$6:$U$205,0))="","",INDEX(Positionen!$F$6:$F$205,MATCH(62,Positionen!$U$6:$U$205,0)))) | F91: =IF(B91="","",IF(INDEX(Positionen!$G$6:$G$205,MATCH(62,Positionen!$U$6:$U$205,0))="","",INDEX(Positionen!$G$6:$G$205,MATCH(62,Positionen!$U$6:$U$205,0)))) | G91: =IF(B91="","",IF(INDEX(Positionen!$H$6:$H$205,MATCH(62,Positionen!$U$6:$U$205,0))="","",INDEX(Positionen!$H$6:$H$205,MATCH(62,Positionen!$U$6:$U$205,0)))) | H91: =IF(B91="","",INDEX(Positionen!$L$6:$L$205,MATCH(62,Positionen!$U$6:$U$205,0))) | I91: =IF(B91="","",INDEX(Positionen!$S$6:$S$205,MATCH(62,Positionen!$U$6:$U$205,0))) | J91: =IF(B91="","",IF(INDEX(Positionen!$N$6:$N$205,MATCH(62,Positionen!$U$6:$U$205,0))="","",INDEX(Positionen!$N$6:$N$205,MATCH(62,Positionen!$U$6:$U$205,0))))
A92: =IF(B92="","",INDEX(Positionen!$A$6:$A$205,MATCH(63,Positionen!$U$6:$U$205,0))&"") | B92: =IFERROR(INDEX(Positionen!$B$6:$B$205,MATCH(63,Positionen!$U$6:$U$205,0)),"") | C92: =IF(B92="","",INDEX(Positionen!$P$6:$P$205,MATCH(63,Positionen!$U$6:$U$205,0))) | D92: =IF(B92="","",INDEX(Positionen!$Q$6:$Q$205,MATCH(63,Positionen!$U$6:$U$205,0))) | E92: =IF(B92="","",IF(INDEX(Positionen!$F$6:$F$205,MATCH(63,Positionen!$U$6:$U$205,0))="","",INDEX(Positionen!$F$6:$F$205,MATCH(63,Positionen!$U$6:$U$205,0)))) | F92: =IF(B92="","",IF(INDEX(Positionen!$G$6:$G$205,MATCH(63,Positionen!$U$6:$U$205,0))="","",INDEX(Positionen!$G$6:$G$205,MATCH(63,Positionen!$U$6:$U$205,0)))) | G92: =IF(B92="","",IF(INDEX(Positionen!$H$6:$H$205,MATCH(63,Positionen!$U$6:$U$205,0))="","",INDEX(Positionen!$H$6:$H$205,MATCH(63,Positionen!$U$6:$U$205,0)))) | H92: =IF(B92="","",INDEX(Positionen!$L$6:$L$205,MATCH(63,Positionen!$U$6:$U$205,0))) | I92: =IF(B92="","",INDEX(Positionen!$S$6:$S$205,MATCH(63,Positionen!$U$6:$U$205,0))) | J92: =IF(B92="","",IF(INDEX(Positionen!$N$6:$N$205,MATCH(63,Positionen!$U$6:$U$205,0))="","",INDEX(Positionen!$N$6:$N$205,MATCH(63,Positionen!$U$6:$U$205,0))))
A93: =IF(B93="","",INDEX(Positionen!$A$6:$A$205,MATCH(64,Positionen!$U$6:$U$205,0))&"") | B93: =IFERROR(INDEX(Positionen!$B$6:$B$205,MATCH(64,Positionen!$U$6:$U$205,0)),"") | C93: =IF(B93="","",INDEX(Positionen!$P$6:$P$205,MATCH(64,Positionen!$U$6:$U$205,0))) | D93: =IF(B93="","",INDEX(Positionen!$Q$6:$Q$205,MATCH(64,Positionen!$U$6:$U$205,0))) | E93: =IF(B93="","",IF(INDEX(Positionen!$F$6:$F$205,MATCH(64,Positionen!$U$6:$U$205,0))="","",INDEX(Positionen!$F$6:$F$205,MATCH(64,Positionen!$U$6:$U$205,0)))) | F93: =IF(B93="","",IF(INDEX(Positionen!$G$6:$G$205,MATCH(64,Positionen!$U$6:$U$205,0))="","",INDEX(Positionen!$G$6:$G$205,MATCH(64,Positionen!$U$6:$U$205,0)))) | G93: =IF(B93="","",IF(INDEX(Positionen!$H$6:$H$205,MATCH(64,Positionen!$U$6:$U$205,0))="","",INDEX(Positionen!$H$6:$H$205,MATCH(64,Positionen!$U$6:$U$205,0)))) | H93: =IF(B93="","",INDEX(Positionen!$L$6:$L$205,MATCH(64,Positionen!$U$6:$U$205,0))) | I93: =IF(B93="","",INDEX(Positionen!$S$6:$S$205,MATCH(64,Positionen!$U$6:$U$205,0))) | J93: =IF(B93="","",IF(INDEX(Positionen!$N$6:$N$205,MATCH(64,Positionen!$U$6:$U$205,0))="","",INDEX(Positionen!$N$6:$N$205,MATCH(64,Positionen!$U$6:$U$205,0))))
A94: =IF(B94="","",INDEX(Positionen!$A$6:$A$205,MATCH(65,Positionen!$U$6:$U$205,0))&"") | B94: =IFERROR(INDEX(Positionen!$B$6:$B$205,MATCH(65,Positionen!$U$6:$U$205,0)),"") | C94: =IF(B94="","",INDEX(Positionen!$P$6:$P$205,MATCH(65,Positionen!$U$6:$U$205,0))) | D94: =IF(B94="","",INDEX(Positionen!$Q$6:$Q$205,MATCH(65,Positionen!$U$6:$U$205,0))) | E94: =IF(B94="","",IF(INDEX(Positionen!$F$6:$F$205,MATCH(65,Positionen!$U$6:$U$205,0))="","",INDEX(Positionen!$F$6:$F$205,MATCH(65,Positionen!$U$6:$U$205,0)))) | F94: =IF(B94="","",IF(INDEX(Positionen!$G$6:$G$205,MATCH(65,Positionen!$U$6:$U$205,0))="","",INDEX(Positionen!$G$6:$G$205,MATCH(65,Positionen!$U$6:$U$205,0)))) | G94: =IF(B94="","",IF(INDEX(Positionen!$H$6:$H$205,MATCH(65,Positionen!$U$6:$U$205,0))="","",INDEX(Positionen!$H$6:$H$205,MATCH(65,Positionen!$U$6:$U$205,0)))) | H94: =IF(B94="","",INDEX(Positionen!$L$6:$L$205,MATCH(65,Positionen!$U$6:$U$205,0))) | I94: =IF(B94="","",INDEX(Positionen!$S$6:$S$205,MATCH(65,Positionen!$U$6:$U$205,0))) | J94: =IF(B94="","",IF(INDEX(Positionen!$N$6:$N$205,MATCH(65,Positionen!$U$6:$U$205,0))="","",INDEX(Positionen!$N$6:$N$205,MATCH(65,Positionen!$U$6:$U$205,0))))
A95: =IF(B95="","",INDEX(Positionen!$A$6:$A$205,MATCH(66,Positionen!$U$6:$U$205,0))&"") | B95: =IFERROR(INDEX(Positionen!$B$6:$B$205,MATCH(66,Positionen!$U$6:$U$205,0)),"") | C95: =IF(B95="","",INDEX(Positionen!$P$6:$P$205,MATCH(66,Positionen!$U$6:$U$205,0))) | D95: =IF(B95="","",INDEX(Positionen!$Q$6:$Q$205,MATCH(66,Positionen!$U$6:$U$205,0))) | E95: =IF(B95="","",IF(INDEX(Positionen!$F$6:$F$205,MATCH(66,Positionen!$U$6:$U$205,0))="","",INDEX(Positionen!$F$6:$F$205,MATCH(66,Positionen!$U$6:$U$205,0)))) | F95: =IF(B95="","",IF(INDEX(Positionen!$G$6:$G$205,MATCH(66,Positionen!$U$6:$U$205,0))="","",INDEX(Positionen!$G$6:$G$205,MATCH(66,Positionen!$U$6:$U$205,0)))) | G95: =IF(B95="","",IF(INDEX(Positionen!$H$6:$H$205,MATCH(66,Positionen!$U$6:$U$205,0))="","",INDEX(Positionen!$H$6:$H$205,MATCH(66,Positionen!$U$6:$U$205,0)))) | H95: =IF(B95="","",INDEX(Positionen!$L$6:$L$205,MATCH(66,Positionen!$U$6:$U$205,0))) | I95: =IF(B95="","",INDEX(Positionen!$S$6:$S$205,MATCH(66,Positionen!$U$6:$U$205,0))) | J95: =IF(B95="","",IF(INDEX(Positionen!$N$6:$N$205,MATCH(66,Positionen!$U$6:$U$205,0))="","",INDEX(Positionen!$N$6:$N$205,MATCH(66,Positionen!$U$6:$U$205,0))))
A96: =IF(B96="","",INDEX(Positionen!$A$6:$A$205,MATCH(67,Positionen!$U$6:$U$205,0))&"") | B96: =IFERROR(INDEX(Positionen!$B$6:$B$205,MATCH(67,Positionen!$U$6:$U$205,0)),"") | C96: =IF(B96="","",INDEX(Positionen!$P$6:$P$205,MATCH(67,Positionen!$U$6:$U$205,0))) | D96: =IF(B96="","",INDEX(Positionen!$Q$6:$Q$205,MATCH(67,Positionen!$U$6:$U$205,0))) | E96: =IF(B96="","",IF(INDEX(Positionen!$F$6:$F$205,MATCH(67,Positionen!$U$6:$U$205,0))="","",INDEX(Positionen!$F$6:$F$205,MATCH(67,Positionen!$U$6:$U$205,0)))) | F96: =IF(B96="","",IF(INDEX(Positionen!$G$6:$G$205,MATCH(67,Positionen!$U$6:$U$205,0))="","",INDEX(Positionen!$G$6:$G$205,MATCH(67,Positionen!$U$6:$U$205,0)))) | G96: =IF(B96="","",IF(INDEX(Positionen!$H$6:$H$205,MATCH(67,Positionen!$U$6:$U$205,0))="","",INDEX(Positionen!$H$6:$H$205,MATCH(67,Positionen!$U$6:$U$205,0)))) | H96: =IF(B96="","",INDEX(Positionen!$L$6:$L$205,MATCH(67,Positionen!$U$6:$U$205,0))) | I96: =IF(B96="","",INDEX(Positionen!$S$6:$S$205,MATCH(67,Positionen!$U$6:$U$205,0))) | J96: =IF(B96="","",IF(INDEX(Positionen!$N$6:$N$205,MATCH(67,Positionen!$U$6:$U$205,0))="","",INDEX(Positionen!$N$6:$N$205,MATCH(67,Positionen!$U$6:$U$205,0))))
A97: =IF(B97="","",INDEX(Positionen!$A$6:$A$205,MATCH(68,Positionen!$U$6:$U$205,0))&"") | B97: =IFERROR(INDEX(Positionen!$B$6:$B$205,MATCH(68,Positionen!$U$6:$U$205,0)),"") | C97: =IF(B97="","",INDEX(Positionen!$P$6:$P$205,MATCH(68,Positionen!$U$6:$U$205,0))) | D97: =IF(B97="","",INDEX(Positionen!$Q$6:$Q$205,MATCH(68,Positionen!$U$6:$U$205,0))) | E97: =IF(B97="","",IF(INDEX(Positionen!$F$6:$F$205,MATCH(68,Positionen!$U$6:$U$205,0))="","",INDEX(Positionen!$F$6:$F$205,MATCH(68,Positionen!$U$6:$U$205,0)))) | F97: =IF(B97="","",IF(INDEX(Positionen!$G$6:$G$205,MATCH(68,Positionen!$U$6:$U$205,0))="","",INDEX(Positionen!$G$6:$G$205,MATCH(68,Positionen!$U$6:$U$205,0)))) | G97: =IF(B97="","",IF(INDEX(Positionen!$H$6:$H$205,MATCH(68,Positionen!$U$6:$U$205,0))="","",INDEX(Positionen!$H$6:$H$205,MATCH(68,Positionen!$U$6:$U$205,0)))) | H97: =IF(B97="","",INDEX(Positionen!$L$6:$L$205,MATCH(68,Positionen!$U$6:$U$205,0))) | I97: =IF(B97="","",INDEX(Positionen!$S$6:$S$205,MATCH(68,Positionen!$U$6:$U$205,0))) | J97: =IF(B97="","",IF(INDEX(Positionen!$N$6:$N$205,MATCH(68,Positionen!$U$6:$U$205,0))="","",INDEX(Positionen!$N$6:$N$205,MATCH(68,Positionen!$U$6:$U$205,0))))
A98: =IF(B98="","",INDEX(Positionen!$A$6:$A$205,MATCH(69,Positionen!$U$6:$U$205,0))&"") | B98: =IFERROR(INDEX(Positionen!$B$6:$B$205,MATCH(69,Positionen!$U$6:$U$205,0)),"") | C98: =IF(B98="","",INDEX(Positionen!$P$6:$P$205,MATCH(69,Positionen!$U$6:$U$205,0))) | D98: =IF(B98="","",INDEX(Positionen!$Q$6:$Q$205,MATCH(69,Positionen!$U$6:$U$205,0))) | E98: =IF(B98="","",IF(INDEX(Positionen!$F$6:$F$205,MATCH(69,Positionen!$U$6:$U$205,0))="","",INDEX(Positionen!$F$6:$F$205,MATCH(69,Positionen!$U$6:$U$205,0)))) | F98: =IF(B98="","",IF(INDEX(Positionen!$G$6:$G$205,MATCH(69,Positionen!$U$6:$U$205,0))="","",INDEX(Positionen!$G$6:$G$205,MATCH(69,Positionen!$U$6:$U$205,0)))) | G98: =IF(B98="","",IF(INDEX(Positionen!$H$6:$H$205,MATCH(69,Positionen!$U$6:$U$205,0))="","",INDEX(Positionen!$H$6:$H$205,MATCH(69,Positionen!$U$6:$U$205,0)))) | H98: =IF(B98="","",INDEX(Positionen!$L$6:$L$205,MATCH(69,Positionen!$U$6:$U$205,0))) | I98: =IF(B98="","",INDEX(Positionen!$S$6:$S$205,MATCH(69,Positionen!$U$6:$U$205,0))) | J98: =IF(B98="","",IF(INDEX(Positionen!$N$6:$N$205,MATCH(69,Positionen!$U$6:$U$205,0))="","",INDEX(Positionen!$N$6:$N$205,MATCH(69,Positionen!$U$6:$U$205,0))))
A99: =IF(B99="","",INDEX(Positionen!$A$6:$A$205,MATCH(70,Positionen!$U$6:$U$205,0))&"") | B99: =IFERROR(INDEX(Positionen!$B$6:$B$205,MATCH(70,Positionen!$U$6:$U$205,0)),"") | C99: =IF(B99="","",INDEX(Positionen!$P$6:$P$205,MATCH(70,Positionen!$U$6:$U$205,0))) | D99: =IF(B99="","",INDEX(Positionen!$Q$6:$Q$205,MATCH(70,Positionen!$U$6:$U$205,0))) | E99: =IF(B99="","",IF(INDEX(Positionen!$F$6:$F$205,MATCH(70,Positionen!$U$6:$U$205,0))="","",INDEX(Positionen!$F$6:$F$205,MATCH(70,Positionen!$U$6:$U$205,0)))) | F99: =IF(B99="","",IF(INDEX(Positionen!$G$6:$G$205,MATCH(70,Positionen!$U$6:$U$205,0))="","",INDEX(Positionen!$G$6:$G$205,MATCH(70,Positionen!$U$6:$U$205,0)))) | G99: =IF(B99="","",IF(INDEX(Positionen!$H$6:$H$205,MATCH(70,Positionen!$U$6:$U$205,0))="","",INDEX(Positionen!$H$6:$H$205,MATCH(70,Positionen!$U$6:$U$205,0)))) | H99: =IF(B99="","",INDEX(Positionen!$L$6:$L$205,MATCH(70,Positionen!$U$6:$U$205,0))) | I99: =IF(B99="","",INDEX(Positionen!$S$6:$S$205,MATCH(70,Positionen!$U$6:$U$205,0))) | J99: =IF(B99="","",IF(INDEX(Positionen!$N$6:$N$205,MATCH(70,Positionen!$U$6:$U$205,0))="","",INDEX(Positionen!$N$6:$N$205,MATCH(70,Positionen!$U$6:$U$205,0))))
A100: =IF(B100="","",INDEX(Positionen!$A$6:$A$205,MATCH(71,Positionen!$U$6:$U$205,0))&"") | B100: =IFERROR(INDEX(Positionen!$B$6:$B$205,MATCH(71,Positionen!$U$6:$U$205,0)),"") | C100: =IF(B100="","",INDEX(Positionen!$P$6:$P$205,MATCH(71,Positionen!$U$6:$U$205,0))) | D100: =IF(B100="","",INDEX(Positionen!$Q$6:$Q$205,MATCH(71,Positionen!$U$6:$U$205,0))) | E100: =IF(B100="","",IF(INDEX(Positionen!$F$6:$F$205,MATCH(71,Positionen!$U$6:$U$205,0))="","",INDEX(Positionen!$F$6:$F$205,MATCH(71,Positionen!$U$6:$U$205,0)))) | F100: =IF(B100="","",IF(INDEX(Positionen!$G$6:$G$205,MATCH(71,Positionen!$U$6:$U$205,0))="","",INDEX(Positionen!$G$6:$G$205,MATCH(71,Positionen!$U$6:$U$205,0)))) | G100: =IF(B100="","",IF(INDEX(Positionen!$H$6:$H$205,MATCH(71,Positionen!$U$6:$U$205,0))="","",INDEX(Positionen!$H$6:$H$205,MATCH(71,Positionen!$U$6:$U$205,0)))) | H100: =IF(B100="","",INDEX(Positionen!$L$6:$L$205,MATCH(71,Positionen!$U$6:$U$205,0))) | I100: =IF(B100="","",INDEX(Positionen!$S$6:$S$205,MATCH(71,Positionen!$U$6:$U$205,0))) | J100: =IF(B100="","",IF(INDEX(Positionen!$N$6:$N$205,MATCH(71,Positionen!$U$6:$U$205,0))="","",INDEX(Positionen!$N$6:$N$205,MATCH(71,Positionen!$U$6:$U$205,0))))
A101: =IF(B101="","",INDEX(Positionen!$A$6:$A$205,MATCH(72,Positionen!$U$6:$U$205,0))&"") | B101: =IFERROR(INDEX(Positionen!$B$6:$B$205,MATCH(72,Positionen!$U$6:$U$205,0)),"") | C101: =IF(B101="","",INDEX(Positionen!$P$6:$P$205,MATCH(72,Positionen!$U$6:$U$205,0))) | D101: =IF(B101="","",INDEX(Positionen!$Q$6:$Q$205,MATCH(72,Positionen!$U$6:$U$205,0))) | E101: =IF(B101="","",IF(INDEX(Positionen!$F$6:$F$205,MATCH(72,Positionen!$U$6:$U$205,0))="","",INDEX(Positionen!$F$6:$F$205,MATCH(72,Positionen!$U$6:$U$205,0)))) | F101: =IF(B101="","",IF(INDEX(Positionen!$G$6:$G$205,MATCH(72,Positionen!$U$6:$U$205,0))="","",INDEX(Positionen!$G$6:$G$205,MATCH(72,Positionen!$U$6:$U$205,0)))) | G101: =IF(B101="","",IF(INDEX(Positionen!$H$6:$H$205,MATCH(72,Positionen!$U$6:$U$205,0))="","",INDEX(Positionen!$H$6:$H$205,MATCH(72,Positionen!$U$6:$U$205,0)))) | H101: =IF(B101="","",INDEX(Positionen!$L$6:$L$205,MATCH(72,Positionen!$U$6:$U$205,0))) | I101: =IF(B101="","",INDEX(Positionen!$S$6:$S$205,MATCH(72,Positionen!$U$6:$U$205,0))) | J101: =IF(B101="","",IF(INDEX(Positionen!$N$6:$N$205,MATCH(72,Positionen!$U$6:$U$205,0))="","",INDEX(Positionen!$N$6:$N$205,MATCH(72,Positionen!$U$6:$U$205,0))))
A102: =IF(B102="","",INDEX(Positionen!$A$6:$A$205,MATCH(73,Positionen!$U$6:$U$205,0))&"") | B102: =IFERROR(INDEX(Positionen!$B$6:$B$205,MATCH(73,Positionen!$U$6:$U$205,0)),"") | C102: =IF(B102="","",INDEX(Positionen!$P$6:$P$205,MATCH(73,Positionen!$U$6:$U$205,0))) | D102: =IF(B102="","",INDEX(Positionen!$Q$6:$Q$205,MATCH(73,Positionen!$U$6:$U$205,0))) | E102: =IF(B102="","",IF(INDEX(Positionen!$F$6:$F$205,MATCH(73,Positionen!$U$6:$U$205,0))="","",INDEX(Positionen!$F$6:$F$205,MATCH(73,Positionen!$U$6:$U$205,0)))) | F102: =IF(B102="","",IF(INDEX(Positionen!$G$6:$G$205,MATCH(73,Positionen!$U$6:$U$205,0))="","",INDEX(Positionen!$G$6:$G$205,MATCH(73,Positionen!$U$6:$U$205,0)))) | G102: =IF(B102="","",IF(INDEX(Positionen!$H$6:$H$205,MATCH(73,Positionen!$U$6:$U$205,0))="","",INDEX(Positionen!$H$6:$H$205,MATCH(73,Positionen!$U$6:$U$205,0)))) | H102: =IF(B102="","",INDEX(Positionen!$L$6:$L$205,MATCH(73,Positionen!$U$6:$U$205,0))) | I102: =IF(B102="","",INDEX(Positionen!$S$6:$S$205,MATCH(73,Positionen!$U$6:$U$205,0))) | J102: =IF(B102="","",IF(INDEX(Positionen!$N$6:$N$205,MATCH(73,Positionen!$U$6:$U$205,0))="","",INDEX(Positionen!$N$6:$N$205,MATCH(73,Positionen!$U$6:$U$205,0))))
A103: =IF(B103="","",INDEX(Positionen!$A$6:$A$205,MATCH(74,Positionen!$U$6:$U$205,0))&"") | B103: =IFERROR(INDEX(Positionen!$B$6:$B$205,MATCH(74,Positionen!$U$6:$U$205,0)),"") | C103: =IF(B103="","",INDEX(Positionen!$P$6:$P$205,MATCH(74,Positionen!$U$6:$U$205,0))) | D103: =IF(B103="","",INDEX(Positionen!$Q$6:$Q$205,MATCH(74,Positionen!$U$6:$U$205,0))) | E103: =IF(B103="","",IF(INDEX(Positionen!$F$6:$F$205,MATCH(74,Positionen!$U$6:$U$205,0))="","",INDEX(Positionen!$F$6:$F$205,MATCH(74,Positionen!$U$6:$U$205,0)))) | F103: =IF(B103="","",IF(INDEX(Positionen!$G$6:$G$205,MATCH(74,Positionen!$U$6:$U$205,0))="","",INDEX(Positionen!$G$6:$G$205,MATCH(74,Positionen!$U$6:$U$205,0)))) | G103: =IF(B103="","",IF(INDEX(Positionen!$H$6:$H$205,MATCH(74,Positionen!$U$6:$U$205,0))="","",INDEX(Positionen!$H$6:$H$205,MATCH(74,Positionen!$U$6:$U$205,0)))) | H103: =IF(B103="","",INDEX(Positionen!$L$6:$L$205,MATCH(74,Positionen!$U$6:$U$205,0))) | I103: =IF(B103="","",INDEX(Positionen!$S$6:$S$205,MATCH(74,Positionen!$U$6:$U$205,0))) | J103: =IF(B103="","",IF(INDEX(Positionen!$N$6:$N$205,MATCH(74,Positionen!$U$6:$U$205,0))="","",INDEX(Positionen!$N$6:$N$205,MATCH(74,Positionen!$U$6:$U$205,0))))
A104: =IF(B104="","",INDEX(Positionen!$A$6:$A$205,MATCH(75,Positionen!$U$6:$U$205,0))&"") | B104: =IFERROR(INDEX(Positionen!$B$6:$B$205,MATCH(75,Positionen!$U$6:$U$205,0)),"") | C104: =IF(B104="","",INDEX(Positionen!$P$6:$P$205,MATCH(75,Positionen!$U$6:$U$205,0))) | D104: =IF(B104="","",INDEX(Positionen!$Q$6:$Q$205,MATCH(75,Positionen!$U$6:$U$205,0))) | E104: =IF(B104="","",IF(INDEX(Positionen!$F$6:$F$205,MATCH(75,Positionen!$U$6:$U$205,0))="","",INDEX(Positionen!$F$6:$F$205,MATCH(75,Positionen!$U$6:$U$205,0)))) | F104: =IF(B104="","",IF(INDEX(Positionen!$G$6:$G$205,MATCH(75,Positionen!$U$6:$U$205,0))="","",INDEX(Positionen!$G$6:$G$205,MATCH(75,Positionen!$U$6:$U$205,0)))) | G104: =IF(B104="","",IF(INDEX(Positionen!$H$6:$H$205,MATCH(75,Positionen!$U$6:$U$205,0))="","",INDEX(Positionen!$H$6:$H$205,MATCH(75,Positionen!$U$6:$U$205,0)))) | H104: =IF(B104="","",INDEX(Positionen!$L$6:$L$205,MATCH(75,Positionen!$U$6:$U$205,0))) | I104: =IF(B104="","",INDEX(Positionen!$S$6:$S$205,MATCH(75,Positionen!$U$6:$U$205,0))) | J104: =IF(B104="","",IF(INDEX(Positionen!$N$6:$N$205,MATCH(75,Positionen!$U$6:$U$205,0))="","",INDEX(Positionen!$N$6:$N$205,MATCH(75,Positionen!$U$6:$U$205,0))))
A105: =IF(B105="","",INDEX(Positionen!$A$6:$A$205,MATCH(76,Positionen!$U$6:$U$205,0))&"") | B105: =IFERROR(INDEX(Positionen!$B$6:$B$205,MATCH(76,Positionen!$U$6:$U$205,0)),"") | C105: =IF(B105="","",INDEX(Positionen!$P$6:$P$205,MATCH(76,Positionen!$U$6:$U$205,0))) | D105: =IF(B105="","",INDEX(Positionen!$Q$6:$Q$205,MATCH(76,Positionen!$U$6:$U$205,0))) | E105: =IF(B105="","",IF(INDEX(Positionen!$F$6:$F$205,MATCH(76,Positionen!$U$6:$U$205,0))="","",INDEX(Positionen!$F$6:$F$205,MATCH(76,Positionen!$U$6:$U$205,0)))) | F105: =IF(B105="","",IF(INDEX(Positionen!$G$6:$G$205,MATCH(76,Positionen!$U$6:$U$205,0))="","",INDEX(Positionen!$G$6:$G$205,MATCH(76,Positionen!$U$6:$U$205,0)))) | G105: =IF(B105="","",IF(INDEX(Positionen!$H$6:$H$205,MATCH(76,Positionen!$U$6:$U$205,0))="","",INDEX(Positionen!$H$6:$H$205,MATCH(76,Positionen!$U$6:$U$205,0)))) | H105: =IF(B105="","",INDEX(Positionen!$L$6:$L$205,MATCH(76,Positionen!$U$6:$U$205,0))) | I105: =IF(B105="","",INDEX(Positionen!$S$6:$S$205,MATCH(76,Positionen!$U$6:$U$205,0))) | J105: =IF(B105="","",IF(INDEX(Positionen!$N$6:$N$205,MATCH(76,Positionen!$U$6:$U$205,0))="","",INDEX(Positionen!$N$6:$N$205,MATCH(76,Positionen!$U$6:$U$205,0))))
A106: =IF(B106="","",INDEX(Positionen!$A$6:$A$205,MATCH(77,Positionen!$U$6:$U$205,0))&"") | B106: =IFERROR(INDEX(Positionen!$B$6:$B$205,MATCH(77,Positionen!$U$6:$U$205,0)),"") | C106: =IF(B106="","",INDEX(Positionen!$P$6:$P$205,MATCH(77,Positionen!$U$6:$U$205,0))) | D106: =IF(B106="","",INDEX(Positionen!$Q$6:$Q$205,MATCH(77,Positionen!$U$6:$U$205,0))) | E106: =IF(B106="","",IF(INDEX(Positionen!$F$6:$F$205,MATCH(77,Positionen!$U$6:$U$205,0))="","",INDEX(Positionen!$F$6:$F$205,MATCH(77,Positionen!$U$6:$U$205,0)))) | F106: =IF(B106="","",IF(INDEX(Positionen!$G$6:$G$205,MATCH(77,Positionen!$U$6:$U$205,0))="","",INDEX(Positionen!$G$6:$G$205,MATCH(77,Positionen!$U$6:$U$205,0)))) | G106: =IF(B106="","",IF(INDEX(Positionen!$H$6:$H$205,MATCH(77,Positionen!$U$6:$U$205,0))="","",INDEX(Positionen!$H$6:$H$205,MATCH(77,Positionen!$U$6:$U$205,0)))) | H106: =IF(B106="","",INDEX(Positionen!$L$6:$L$205,MATCH(77,Positionen!$U$6:$U$205,0))) | I106: =IF(B106="","",INDEX(Positionen!$S$6:$S$205,MATCH(77,Positionen!$U$6:$U$205,0))) | J106: =IF(B106="","",IF(INDEX(Positionen!$N$6:$N$205,MATCH(77,Positionen!$U$6:$U$205,0))="","",INDEX(Positionen!$N$6:$N$205,MATCH(77,Positionen!$U$6:$U$205,0))))
A107: =IF(B107="","",INDEX(Positionen!$A$6:$A$205,MATCH(78,Positionen!$U$6:$U$205,0))&"") | B107: =IFERROR(INDEX(Positionen!$B$6:$B$205,MATCH(78,Positionen!$U$6:$U$205,0)),"") | C107: =IF(B107="","",INDEX(Positionen!$P$6:$P$205,MATCH(78,Positionen!$U$6:$U$205,0))) | D107: =IF(B107="","",INDEX(Positionen!$Q$6:$Q$205,MATCH(78,Positionen!$U$6:$U$205,0))) | E107: =IF(B107="","",IF(INDEX(Positionen!$F$6:$F$205,MATCH(78,Positionen!$U$6:$U$205,0))="","",INDEX(Positionen!$F$6:$F$205,MATCH(78,Positionen!$U$6:$U$205,0)))) | F107: =IF(B107="","",IF(INDEX(Positionen!$G$6:$G$205,MATCH(78,Positionen!$U$6:$U$205,0))="","",INDEX(Positionen!$G$6:$G$205,MATCH(78,Positionen!$U$6:$U$205,0)))) | G107: =IF(B107="","",IF(INDEX(Positionen!$H$6:$H$205,MATCH(78,Positionen!$U$6:$U$205,0))="","",INDEX(Positionen!$H$6:$H$205,MATCH(78,Positionen!$U$6:$U$205,0)))) | H107: =IF(B107="","",INDEX(Positionen!$L$6:$L$205,MATCH(78,Positionen!$U$6:$U$205,0))) | I107: =IF(B107="","",INDEX(Positionen!$S$6:$S$205,MATCH(78,Positionen!$U$6:$U$205,0))) | J107: =IF(B107="","",IF(INDEX(Positionen!$N$6:$N$205,MATCH(78,Positionen!$U$6:$U$205,0))="","",INDEX(Positionen!$N$6:$N$205,MATCH(78,Positionen!$U$6:$U$205,0))))
A108: =IF(B108="","",INDEX(Positionen!$A$6:$A$205,MATCH(79,Positionen!$U$6:$U$205,0))&"") | B108: =IFERROR(INDEX(Positionen!$B$6:$B$205,MATCH(79,Positionen!$U$6:$U$205,0)),"") | C108: =IF(B108="","",INDEX(Positionen!$P$6:$P$205,MATCH(79,Positionen!$U$6:$U$205,0))) | D108: =IF(B108="","",INDEX(Positionen!$Q$6:$Q$205,MATCH(79,Positionen!$U$6:$U$205,0))) | E108: =IF(B108="","",IF(INDEX(Positionen!$F$6:$F$205,MATCH(79,Positionen!$U$6:$U$205,0))="","",INDEX(Positionen!$F$6:$F$205,MATCH(79,Positionen!$U$6:$U$205,0)))) | F108: =IF(B108="","",IF(INDEX(Positionen!$G$6:$G$205,MATCH(79,Positionen!$U$6:$U$205,0))="","",INDEX(Positionen!$G$6:$G$205,MATCH(79,Positionen!$U$6:$U$205,0)))) | G108: =IF(B108="","",IF(INDEX(Positionen!$H$6:$H$205,MATCH(79,Positionen!$U$6:$U$205,0))="","",INDEX(Positionen!$H$6:$H$205,MATCH(79,Positionen!$U$6:$U$205,0)))) | H108: =IF(B108="","",INDEX(Positionen!$L$6:$L$205,MATCH(79,Positionen!$U$6:$U$205,0))) | I108: =IF(B108="","",INDEX(Positionen!$S$6:$S$205,MATCH(79,Positionen!$U$6:$U$205,0))) | J108: =IF(B108="","",IF(INDEX(Positionen!$N$6:$N$205,MATCH(79,Positionen!$U$6:$U$205,0))="","",INDEX(Positionen!$N$6:$N$205,MATCH(79,Positionen!$U$6:$U$205,0))))
A109: =IF(B109="","",INDEX(Positionen!$A$6:$A$205,MATCH(80,Positionen!$U$6:$U$205,0))&"") | B109: =IFERROR(INDEX(Positionen!$B$6:$B$205,MATCH(80,Positionen!$U$6:$U$205,0)),"") | C109: =IF(B109="","",INDEX(Positionen!$P$6:$P$205,MATCH(80,Positionen!$U$6:$U$205,0))) | D109: =IF(B109="","",INDEX(Positionen!$Q$6:$Q$205,MATCH(80,Positionen!$U$6:$U$205,0))) | E109: =IF(B109="","",IF(INDEX(Positionen!$F$6:$F$205,MATCH(80,Positionen!$U$6:$U$205,0))="","",INDEX(Positionen!$F$6:$F$205,MATCH(80,Positionen!$U$6:$U$205,0)))) | F109: =IF(B109="","",IF(INDEX(Positionen!$G$6:$G$205,MATCH(80,Positionen!$U$6:$U$205,0))="","",INDEX(Positionen!$G$6:$G$205,MATCH(80,Positionen!$U$6:$U$205,0)))) | G109: =IF(B109="","",IF(INDEX(Positionen!$H$6:$H$205,MATCH(80,Positionen!$U$6:$U$205,0))="","",INDEX(Positionen!$H$6:$H$205,MATCH(80,Positionen!$U$6:$U$205,0)))) | H109: =IF(B109="","",INDEX(Positionen!$L$6:$L$205,MATCH(80,Positionen!$U$6:$U$205,0))) | I109: =IF(B109="","",INDEX(Positionen!$S$6:$S$205,MATCH(80,Positionen!$U$6:$U$205,0))) | J109: =IF(B109="","",IF(INDEX(Positionen!$N$6:$N$205,MATCH(80,Positionen!$U$6:$U$205,0))="","",INDEX(Positionen!$N$6:$N$205,MATCH(80,Positionen!$U$6:$U$205,0))))

Sheet Materialauszug
S1: =MAX(1,COUNT(Positionen!$V$6:$V$205),COUNT(Positionen!$W$6:$W$205),COUNT(Positionen!$Y$6:$Y$205))
A4: MATERIALAUSZUG | G4: =IF(P_NR="","",P_NR&" · "&P_NAME) | Q4: =IF(P_DATUM="","","Stand "&P_DATUM)
A7: Positionen | B7: Stück | D7: Laufmeter | G7: Fläche | H7: Gewicht | J7: davon beschichten | M7: Tafeln (Empfehlung)
A8: =COUNT(Positionen!$AC$6:$AC$205) | B8: =SUM(Positionen!$H$6:$H$205) | D8: =SUM(Positionen!$K$6:$K$205) | G8: =SUM(Positionen!$L$6:$L$205) | H8: =SUM(Positionen!$M$6:$M$205) | J8: =SUMIFS(Positionen!$L$6:$L$205,Positionen!$R$6:$R$205,"Ja") | M8: =SUM(Tafelbedarf!$H$9:$H$48)
A10: NACH BAUTEIL | G10: NACH MATERIAL / DICKE | M10: NACH LAGE / FASSADE
A11: Bauteil | B11: Stk | C11: lfm | D11: m² | E11: kg | G11: Material · Dicke | H11: Stk | I11: lfm | J11: m² | K11: kg | M11: Lage | N11: Stk | O11: lfm | P11: m² | Q11: kg
A12: Total | B12: =SUM(B13:B52) | C12: =SUM(C13:C52) | D12: =SUM(D13:D52) | E12: =SUM(E13:E52) | G12: Total | H12: =SUM(H13:H52) | I12: =SUM(I13:I52) | J12: =SUM(J13:J52) | K12: =SUM(K13:K52) | M12: Total | N12: =SUM(N13:N52) | O12: =SUM(O13:O52) | P12: =SUM(P13:P52) | Q12: =SUM(Q13:Q52)
A13: =IFERROR(INDEX(Positionen!$B$6:$B$205,MATCH(1,Positionen!$V$6:$V$205,0)),"") | B13: =IF(A13="","",SUMIFS(Positionen!$H$6:$H$205,Positionen!$B$6:$B$205,A13)) | C13: =IF(A13="","",SUMIFS(Positionen!$K$6:$K$205,Positionen!$B$6:$B$205,A13)) | D13: =IF(A13="","",SUMIFS(Positionen!$L$6:$L$205,Positionen!$B$6:$B$205,A13)) | E13: =IF(A13="","",SUMIFS(Positionen!$M$6:$M$205,Positionen!$B$6:$B$205,A13)) | G13: =IFERROR(INDEX(Positionen!$T$6:$T$205,MATCH(1,Positionen!$W$6:$W$205,0)),"") | H13: =IF(G13="","",SUMIFS(Positionen!$H$6:$H$205,Positionen!$T$6:$T$205,G13)) | I13: =IF(G13="","",SUMIFS(Positionen!$K$6:$K$205,Positionen!$T$6:$T$205,G13)) | J13: =IF(G13="","",SUMIFS(Positionen!$L$6:$L$205,Positionen!$T$6:$T$205,G13)) | K13: =IF(G13="","",SUMIFS(Positionen!$M$6:$M$205,Positionen!$T$6:$T$205,G13)) | M13: =IFERROR(INDEX(Positionen!$X$6:$X$205,MATCH(1,Positionen!$Y$6:$Y$205,0)),"") | N13: =IF(M13="","",SUMIFS(Positionen!$H$6:$H$205,Positionen!$X$6:$X$205,M13)) | O13: =IF(M13="","",SUMIFS(Positionen!$K$6:$K$205,Positionen!$X$6:$X$205,M13)) | P13: =IF(M13="","",SUMIFS(Positionen!$L$6:$L$205,Positionen!$X$6:$X$205,M13)) | Q13: =IF(M13="","",SUMIFS(Positionen!$M$6:$M$205,Positionen!$X$6:$X$205,M13))
A14: =IFERROR(INDEX(Positionen!$B$6:$B$205,MATCH(2,Positionen!$V$6:$V$205,0)),"") | B14: =IF(A14="","",SUMIFS(Positionen!$H$6:$H$205,Positionen!$B$6:$B$205,A14)) | C14: =IF(A14="","",SUMIFS(Positionen!$K$6:$K$205,Positionen!$B$6:$B$205,A14)) | D14: =IF(A14="","",SUMIFS(Positionen!$L$6:$L$205,Positionen!$B$6:$B$205,A14)) | E14: =IF(A14="","",SUMIFS(Positionen!$M$6:$M$205,Positionen!$B$6:$B$205,A14)) | G14: =IFERROR(INDEX(Positionen!$T$6:$T$205,MATCH(2,Positionen!$W$6:$W$205,0)),"") | H14: =IF(G14="","",SUMIFS(Positionen!$H$6:$H$205,Positionen!$T$6:$T$205,G14)) | I14: =IF(G14="","",SUMIFS(Positionen!$K$6:$K$205,Positionen!$T$6:$T$205,G14)) | J14: =IF(G14="","",SUMIFS(Positionen!$L$6:$L$205,Positionen!$T$6:$T$205,G14)) | K14: =IF(G14="","",SUMIFS(Positionen!$M$6:$M$205,Positionen!$T$6:$T$205,G14)) | M14: =IFERROR(INDEX(Positionen!$X$6:$X$205,MATCH(2,Positionen!$Y$6:$Y$205,0)),"") | N14: =IF(M14="","",SUMIFS(Positionen!$H$6:$H$205,Positionen!$X$6:$X$205,M14)) | O14: =IF(M14="","",SUMIFS(Positionen!$K$6:$K$205,Positionen!$X$6:$X$205,M14)) | P14: =IF(M14="","",SUMIFS(Positionen!$L$6:$L$205,Positionen!$X$6:$X$205,M14)) | Q14: =IF(M14="","",SUMIFS(Positionen!$M$6:$M$205,Positionen!$X$6:$X$205,M14))
A15: =IFERROR(INDEX(Positionen!$B$6:$B$205,MATCH(3,Positionen!$V$6:$V$205,0)),"") | B15: =IF(A15="","",SUMIFS(Positionen!$H$6:$H$205,Positionen!$B$6:$B$205,A15)) | C15: =IF(A15="","",SUMIFS(Positionen!$K$6:$K$205,Positionen!$B$6:$B$205,A15)) | D15: =IF(A15="","",SUMIFS(Positionen!$L$6:$L$205,Positionen!$B$6:$B$205,A15)) | E15: =IF(A15="","",SUMIFS(Positionen!$M$6:$M$205,Positionen!$B$6:$B$205,A15)) | G15: =IFERROR(INDEX(Positionen!$T$6:$T$205,MATCH(3,Positionen!$W$6:$W$205,0)),"") | H15: =IF(G15="","",SUMIFS(Positionen!$H$6:$H$205,Positionen!$T$6:$T$205,G15)) | I15: =IF(G15="","",SUMIFS(Positionen!$K$6:$K$205,Positionen!$T$6:$T$205,G15)) | J15: =IF(G15="","",SUMIFS(Positionen!$L$6:$L$205,Positionen!$T$6:$T$205,G15)) | K15: =IF(G15="","",SUMIFS(Positionen!$M$6:$M$205,Positionen!$T$6:$T$205,G15)) | M15: =IFERROR(INDEX(Positionen!$X$6:$X$205,MATCH(3,Positionen!$Y$6:$Y$205,0)),"") | N15: =IF(M15="","",SUMIFS(Positionen!$H$6:$H$205,Positionen!$X$6:$X$205,M15)) | O15: =IF(M15="","",SUMIFS(Positionen!$K$6:$K$205,Positionen!$X$6:$X$205,M15)) | P15: =IF(M15="","",SUMIFS(Positionen!$L$6:$L$205,Positionen!$X$6:$X$205,M15)) | Q15: =IF(M15="","",SUMIFS(Positionen!$M$6:$M$205,Positionen!$X$6:$X$205,M15))
A16: =IFERROR(INDEX(Positionen!$B$6:$B$205,MATCH(4,Positionen!$V$6:$V$205,0)),"") | B16: =IF(A16="","",SUMIFS(Positionen!$H$6:$H$205,Positionen!$B$6:$B$205,A16)) | C16: =IF(A16="","",SUMIFS(Positionen!$K$6:$K$205,Positionen!$B$6:$B$205,A16)) | D16: =IF(A16="","",SUMIFS(Positionen!$L$6:$L$205,Positionen!$B$6:$B$205,A16)) | E16: =IF(A16="","",SUMIFS(Positionen!$M$6:$M$205,Positionen!$B$6:$B$205,A16)) | G16: =IFERROR(INDEX(Positionen!$T$6:$T$205,MATCH(4,Positionen!$W$6:$W$205,0)),"") | H16: =IF(G16="","",SUMIFS(Positionen!$H$6:$H$205,Positionen!$T$6:$T$205,G16)) | I16: =IF(G16="","",SUMIFS(Positionen!$K$6:$K$205,Positionen!$T$6:$T$205,G16)) | J16: =IF(G16="","",SUMIFS(Positionen!$L$6:$L$205,Positionen!$T$6:$T$205,G16)) | K16: =IF(G16="","",SUMIFS(Positionen!$M$6:$M$205,Positionen!$T$6:$T$205,G16)) | M16: =IFERROR(INDEX(Positionen!$X$6:$X$205,MATCH(4,Positionen!$Y$6:$Y$205,0)),"") | N16: =IF(M16="","",SUMIFS(Positionen!$H$6:$H$205,Positionen!$X$6:$X$205,M16)) | O16: =IF(M16="","",SUMIFS(Positionen!$K$6:$K$205,Positionen!$X$6:$X$205,M16)) | P16: =IF(M16="","",SUMIFS(Positionen!$L$6:$L$205,Positionen!$X$6:$X$205,M16)) | Q16: =IF(M16="","",SUMIFS(Positionen!$M$6:$M$205,Positionen!$X$6:$X$205,M16))
A17: =IFERROR(INDEX(Positionen!$B$6:$B$205,MATCH(5,Positionen!$V$6:$V$205,0)),"") | B17: =IF(A17="","",SUMIFS(Positionen!$H$6:$H$205,Positionen!$B$6:$B$205,A17)) | C17: =IF(A17="","",SUMIFS(Positionen!$K$6:$K$205,Positionen!$B$6:$B$205,A17)) | D17: =IF(A17="","",SUMIFS(Positionen!$L$6:$L$205,Positionen!$B$6:$B$205,A17)) | E17: =IF(A17="","",SUMIFS(Positionen!$M$6:$M$205,Positionen!$B$6:$B$205,A17)) | G17: =IFERROR(INDEX(Positionen!$T$6:$T$205,MATCH(5,Positionen!$W$6:$W$205,0)),"") | H17: =IF(G17="","",SUMIFS(Positionen!$H$6:$H$205,Positionen!$T$6:$T$205,G17)) | I17: =IF(G17="","",SUMIFS(Positionen!$K$6:$K$205,Positionen!$T$6:$T$205,G17)) | J17: =IF(G17="","",SUMIFS(Positionen!$L$6:$L$205,Positionen!$T$6:$T$205,G17)) | K17: =IF(G17="","",SUMIFS(Positionen!$M$6:$M$205,Positionen!$T$6:$T$205,G17)) | M17: =IFERROR(INDEX(Positionen!$X$6:$X$205,MATCH(5,Positionen!$Y$6:$Y$205,0)),"") | N17: =IF(M17="","",SUMIFS(Positionen!$H$6:$H$205,Positionen!$X$6:$X$205,M17)) | O17: =IF(M17="","",SUMIFS(Positionen!$K$6:$K$205,Positionen!$X$6:$X$205,M17)) | P17: =IF(M17="","",SUMIFS(Positionen!$L$6:$L$205,Positionen!$X$6:$X$205,M17)) | Q17: =IF(M17="","",SUMIFS(Positionen!$M$6:$M$205,Positionen!$X$6:$X$205,M17))
A18: =IFERROR(INDEX(Positionen!$B$6:$B$205,MATCH(6,Positionen!$V$6:$V$205,0)),"") | B18: =IF(A18="","",SUMIFS(Positionen!$H$6:$H$205,Positionen!$B$6:$B$205,A18)) | C18: =IF(A18="","",SUMIFS(Positionen!$K$6:$K$205,Positionen!$B$6:$B$205,A18)) | D18: =IF(A18="","",SUMIFS(Positionen!$L$6:$L$205,Positionen!$B$6:$B$205,A18)) | E18: =IF(A18="","",SUMIFS(Positionen!$M$6:$M$205,Positionen!$B$6:$B$205,A18)) | G18: =IFERROR(INDEX(Positionen!$T$6:$T$205,MATCH(6,Positionen!$W$6:$W$205,0)),"") | H18: =IF(G18="","",SUMIFS(Positionen!$H$6:$H$205,Positionen!$T$6:$T$205,G18)) | I18: =IF(G18="","",SUMIFS(Positionen!$K$6:$K$205,Positionen!$T$6:$T$205,G18)) | J18: =IF(G18="","",SUMIFS(Positionen!$L$6:$L$205,Positionen!$T$6:$T$205,G18)) | K18: =IF(G18="","",SUMIFS(Positionen!$M$6:$M$205,Positionen!$T$6:$T$205,G18)) | M18: =IFERROR(INDEX(Positionen!$X$6:$X$205,MATCH(6,Positionen!$Y$6:$Y$205,0)),"") | N18: =IF(M18="","",SUMIFS(Positionen!$H$6:$H$205,Positionen!$X$6:$X$205,M18)) | O18: =IF(M18="","",SUMIFS(Positionen!$K$6:$K$205,Positionen!$X$6:$X$205,M18)) | P18: =IF(M18="","",SUMIFS(Positionen!$L$6:$L$205,Positionen!$X$6:$X$205,M18)) | Q18: =IF(M18="","",SUMIFS(Positionen!$M$6:$M$205,Positionen!$X$6:$X$205,M18))
A19: =IFERROR(INDEX(Positionen!$B$6:$B$205,MATCH(7,Positionen!$V$6:$V$205,0)),"") | B19: =IF(A19="","",SUMIFS(Positionen!$H$6:$H$205,Positionen!$B$6:$B$205,A19)) | C19: =IF(A19="","",SUMIFS(Positionen!$K$6:$K$205,Positionen!$B$6:$B$205,A19)) | D19: =IF(A19="","",SUMIFS(Positionen!$L$6:$L$205,Positionen!$B$6:$B$205,A19)) | E19: =IF(A19="","",SUMIFS(Positionen!$M$6:$M$205,Positionen!$B$6:$B$205,A19)) | G19: =IFERROR(INDEX(Positionen!$T$6:$T$205,MATCH(7,Positionen!$W$6:$W$205,0)),"") | H19: =IF(G19="","",SUMIFS(Positionen!$H$6:$H$205,Positionen!$T$6:$T$205,G19)) | I19: =IF(G19="","",SUMIFS(Positionen!$K$6:$K$205,Positionen!$T$6:$T$205,G19)) | J19: =IF(G19="","",SUMIFS(Positionen!$L$6:$L$205,Positionen!$T$6:$T$205,G19)) | K19: =IF(G19="","",SUMIFS(Positionen!$M$6:$M$205,Positionen!$T$6:$T$205,G19)) | M19: =IFERROR(INDEX(Positionen!$X$6:$X$205,MATCH(7,Positionen!$Y$6:$Y$205,0)),"") | N19: =IF(M19="","",SUMIFS(Positionen!$H$6:$H$205,Positionen!$X$6:$X$205,M19)) | O19: =IF(M19="","",SUMIFS(Positionen!$K$6:$K$205,Positionen!$X$6:$X$205,M19)) | P19: =IF(M19="","",SUMIFS(Positionen!$L$6:$L$205,Positionen!$X$6:$X$205,M19)) | Q19: =IF(M19="","",SUMIFS(Positionen!$M$6:$M$205,Positionen!$X$6:$X$205,M19))
A20: =IFERROR(INDEX(Positionen!$B$6:$B$205,MATCH(8,Positionen!$V$6:$V$205,0)),"") | B20: =IF(A20="","",SUMIFS(Positionen!$H$6:$H$205,Positionen!$B$6:$B$205,A20)) | C20: =IF(A20="","",SUMIFS(Positionen!$K$6:$K$205,Positionen!$B$6:$B$205,A20)) | D20: =IF(A20="","",SUMIFS(Positionen!$L$6:$L$205,Positionen!$B$6:$B$205,A20)) | E20: =IF(A20="","",SUMIFS(Positionen!$M$6:$M$205,Positionen!$B$6:$B$205,A20)) | G20: =IFERROR(INDEX(Positionen!$T$6:$T$205,MATCH(8,Positionen!$W$6:$W$205,0)),"") | H20: =IF(G20="","",SUMIFS(Positionen!$H$6:$H$205,Positionen!$T$6:$T$205,G20)) | I20: =IF(G20="","",SUMIFS(Positionen!$K$6:$K$205,Positionen!$T$6:$T$205,G20)) | J20: =IF(G20="","",SUMIFS(Positionen!$L$6:$L$205,Positionen!$T$6:$T$205,G20)) | K20: =IF(G20="","",SUMIFS(Positionen!$M$6:$M$205,Positionen!$T$6:$T$205,G20)) | M20: =IFERROR(INDEX(Positionen!$X$6:$X$205,MATCH(8,Positionen!$Y$6:$Y$205,0)),"") | N20: =IF(M20="","",SUMIFS(Positionen!$H$6:$H$205,Positionen!$X$6:$X$205,M20)) | O20: =IF(M20="","",SUMIFS(Positionen!$K$6:$K$205,Positionen!$X$6:$X$205,M20)) | P20: =IF(M20="","",SUMIFS(Positionen!$L$6:$L$205,Positionen!$X$6:$X$205,M20)) | Q20: =IF(M20="","",SUMIFS(Positionen!$M$6:$M$205,Positionen!$X$6:$X$205,M20))
A21: =IFERROR(INDEX(Positionen!$B$6:$B$205,MATCH(9,Positionen!$V$6:$V$205,0)),"") | B21: =IF(A21="","",SUMIFS(Positionen!$H$6:$H$205,Positionen!$B$6:$B$205,A21)) | C21: =IF(A21="","",SUMIFS(Positionen!$K$6:$K$205,Positionen!$B$6:$B$205,A21)) | D21: =IF(A21="","",SUMIFS(Positionen!$L$6:$L$205,Positionen!$B$6:$B$205,A21)) | E21: =IF(A21="","",SUMIFS(Positionen!$M$6:$M$205,Positionen!$B$6:$B$205,A21)) | G21: =IFERROR(INDEX(Positionen!$T$6:$T$205,MATCH(9,Positionen!$W$6:$W$205,0)),"") | H21: =IF(G21="","",SUMIFS(Positionen!$H$6:$H$205,Positionen!$T$6:$T$205,G21)) | I21: =IF(G21="","",SUMIFS(Positionen!$K$6:$K$205,Positionen!$T$6:$T$205,G21)) | J21: =IF(G21="","",SUMIFS(Positionen!$L$6:$L$205,Positionen!$T$6:$T$205,G21)) | K21: =IF(G21="","",SUMIFS(Positionen!$M$6:$M$205,Positionen!$T$6:$T$205,G21)) | M21: =IFERROR(INDEX(Positionen!$X$6:$X$205,MATCH(9,Positionen!$Y$6:$Y$205,0)),"") | N21: =IF(M21="","",SUMIFS(Positionen!$H$6:$H$205,Positionen!$X$6:$X$205,M21)) | O21: =IF(M21="","",SUMIFS(Positionen!$K$6:$K$205,Positionen!$X$6:$X$205,M21)) | P21: =IF(M21="","",SUMIFS(Positionen!$L$6:$L$205,Positionen!$X$6:$X$205,M21)) | Q21: =IF(M21="","",SUMIFS(Positionen!$M$6:$M$205,Positionen!$X$6:$X$205,M21))
A22: =IFERROR(INDEX(Positionen!$B$6:$B$205,MATCH(10,Positionen!$V$6:$V$205,0)),"") | B22: =IF(A22="","",SUMIFS(Positionen!$H$6:$H$205,Positionen!$B$6:$B$205,A22)) | C22: =IF(A22="","",SUMIFS(Positionen!$K$6:$K$205,Positionen!$B$6:$B$205,A22)) | D22: =IF(A22="","",SUMIFS(Positionen!$L$6:$L$205,Positionen!$B$6:$B$205,A22)) | E22: =IF(A22="","",SUMIFS(Positionen!$M$6:$M$205,Positionen!$B$6:$B$205,A22)) | G22: =IFERROR(INDEX(Positionen!$T$6:$T$205,MATCH(10,Positionen!$W$6:$W$205,0)),"") | H22: =IF(G22="","",SUMIFS(Positionen!$H$6:$H$205,Positionen!$T$6:$T$205,G22)) | I22: =IF(G22="","",SUMIFS(Positionen!$K$6:$K$205,Positionen!$T$6:$T$205,G22)) | J22: =IF(G22="","",SUMIFS(Positionen!$L$6:$L$205,Positionen!$T$6:$T$205,G22)) | K22: =IF(G22="","",SUMIFS(Positionen!$M$6:$M$205,Positionen!$T$6:$T$205,G22)) | M22: =IFERROR(INDEX(Positionen!$X$6:$X$205,MATCH(10,Positionen!$Y$6:$Y$205,0)),"") | N22: =IF(M22="","",SUMIFS(Positionen!$H$6:$H$205,Positionen!$X$6:$X$205,M22)) | O22: =IF(M22="","",SUMIFS(Positionen!$K$6:$K$205,Positionen!$X$6:$X$205,M22)) | P22: =IF(M22="","",SUMIFS(Positionen!$L$6:$L$205,Positionen!$X$6:$X$205,M22)) | Q22: =IF(M22="","",SUMIFS(Positionen!$M$6:$M$205,Positionen!$X$6:$X$205,M22))
A23: =IFERROR(INDEX(Positionen!$B$6:$B$205,MATCH(11,Positionen!$V$6:$V$205,0)),"") | B23: =IF(A23="","",SUMIFS(Positionen!$H$6:$H$205,Positionen!$B$6:$B$205,A23)) | C23: =IF(A23="","",SUMIFS(Positionen!$K$6:$K$205,Positionen!$B$6:$B$205,A23)) | D23: =IF(A23="","",SUMIFS(Positionen!$L$6:$L$205,Positionen!$B$6:$B$205,A23)) | E23: =IF(A23="","",SUMIFS(Positionen!$M$6:$M$205,Positionen!$B$6:$B$205,A23)) | G23: =IFERROR(INDEX(Positionen!$T$6:$T$205,MATCH(11,Positionen!$W$6:$W$205,0)),"") | H23: =IF(G23="","",SUMIFS(Positionen!$H$6:$H$205,Positionen!$T$6:$T$205,G23)) | I23: =IF(G23="","",SUMIFS(Positionen!$K$6:$K$205,Positionen!$T$6:$T$205,G23)) | J23: =IF(G23="","",SUMIFS(Positionen!$L$6:$L$205,Positionen!$T$6:$T$205,G23)) | K23: =IF(G23="","",SUMIFS(Positionen!$M$6:$M$205,Positionen!$T$6:$T$205,G23)) | M23: =IFERROR(INDEX(Positionen!$X$6:$X$205,MATCH(11,Positionen!$Y$6:$Y$205,0)),"") | N23: =IF(M23="","",SUMIFS(Positionen!$H$6:$H$205,Positionen!$X$6:$X$205,M23)) | O23: =IF(M23="","",SUMIFS(Positionen!$K$6:$K$205,Positionen!$X$6:$X$205,M23)) | P23: =IF(M23="","",SUMIFS(Positionen!$L$6:$L$205,Positionen!$X$6:$X$205,M23)) | Q23: =IF(M23="","",SUMIFS(Positionen!$M$6:$M$205,Positionen!$X$6:$X$205,M23))
A24: =IFERROR(INDEX(Positionen!$B$6:$B$205,MATCH(12,Positionen!$V$6:$V$205,0)),"") | B24: =IF(A24="","",SUMIFS(Positionen!$H$6:$H$205,Positionen!$B$6:$B$205,A24)) | C24: =IF(A24="","",SUMIFS(Positionen!$K$6:$K$205,Positionen!$B$6:$B$205,A24)) | D24: =IF(A24="","",SUMIFS(Positionen!$L$6:$L$205,Positionen!$B$6:$B$205,A24)) | E24: =IF(A24="","",SUMIFS(Positionen!$M$6:$M$205,Positionen!$B$6:$B$205,A24)) | G24: =IFERROR(INDEX(Positionen!$T$6:$T$205,MATCH(12,Positionen!$W$6:$W$205,0)),"") | H24: =IF(G24="","",SUMIFS(Positionen!$H$6:$H$205,Positionen!$T$6:$T$205,G24)) | I24: =IF(G24="","",SUMIFS(Positionen!$K$6:$K$205,Positionen!$T$6:$T$205,G24)) | J24: =IF(G24="","",SUMIFS(Positionen!$L$6:$L$205,Positionen!$T$6:$T$205,G24)) | K24: =IF(G24="","",SUMIFS(Positionen!$M$6:$M$205,Positionen!$T$6:$T$205,G24)) | M24: =IFERROR(INDEX(Positionen!$X$6:$X$205,MATCH(12,Positionen!$Y$6:$Y$205,0)),"") | N24: =IF(M24="","",SUMIFS(Positionen!$H$6:$H$205,Positionen!$X$6:$X$205,M24)) | O24: =IF(M24="","",SUMIFS(Positionen!$K$6:$K$205,Positionen!$X$6:$X$205,M24)) | P24: =IF(M24="","",SUMIFS(Positionen!$L$6:$L$205,Positionen!$X$6:$X$205,M24)) | Q24: =IF(M24="","",SUMIFS(Positionen!$M$6:$M$205,Positionen!$X$6:$X$205,M24))
A25: =IFERROR(INDEX(Positionen!$B$6:$B$205,MATCH(13,Positionen!$V$6:$V$205,0)),"") | B25: =IF(A25="","",SUMIFS(Positionen!$H$6:$H$205,Positionen!$B$6:$B$205,A25)) | C25: =IF(A25="","",SUMIFS(Positionen!$K$6:$K$205,Positionen!$B$6:$B$205,A25)) | D25: =IF(A25="","",SUMIFS(Positionen!$L$6:$L$205,Positionen!$B$6:$B$205,A25)) | E25: =IF(A25="","",SUMIFS(Positionen!$M$6:$M$205,Positionen!$B$6:$B$205,A25)) | G25: =IFERROR(INDEX(Positionen!$T$6:$T$205,MATCH(13,Positionen!$W$6:$W$205,0)),"") | H25: =IF(G25="","",SUMIFS(Positionen!$H$6:$H$205,Positionen!$T$6:$T$205,G25)) | I25: =IF(G25="","",SUMIFS(Positionen!$K$6:$K$205,Positionen!$T$6:$T$205,G25)) | J25: =IF(G25="","",SUMIFS(Positionen!$L$6:$L$205,Positionen!$T$6:$T$205,G25)) | K25: =IF(G25="","",SUMIFS(Positionen!$M$6:$M$205,Positionen!$T$6:$T$205,G25)) | M25: =IFERROR(INDEX(Positionen!$X$6:$X$205,MATCH(13,Positionen!$Y$6:$Y$205,0)),"") | N25: =IF(M25="","",SUMIFS(Positionen!$H$6:$H$205,Positionen!$X$6:$X$205,M25)) | O25: =IF(M25="","",SUMIFS(Positionen!$K$6:$K$205,Positionen!$X$6:$X$205,M25)) | P25: =IF(M25="","",SUMIFS(Positionen!$L$6:$L$205,Positionen!$X$6:$X$205,M25)) | Q25: =IF(M25="","",SUMIFS(Positionen!$M$6:$M$205,Positionen!$X$6:$X$205,M25))
A26: =IFERROR(INDEX(Positionen!$B$6:$B$205,MATCH(14,Positionen!$V$6:$V$205,0)),"") | B26: =IF(A26="","",SUMIFS(Positionen!$H$6:$H$205,Positionen!$B$6:$B$205,A26)) | C26: =IF(A26="","",SUMIFS(Positionen!$K$6:$K$205,Positionen!$B$6:$B$205,A26)) | D26: =IF(A26="","",SUMIFS(Positionen!$L$6:$L$205,Positionen!$B$6:$B$205,A26)) | E26: =IF(A26="","",SUMIFS(Positionen!$M$6:$M$205,Positionen!$B$6:$B$205,A26)) | G26: =IFERROR(INDEX(Positionen!$T$6:$T$205,MATCH(14,Positionen!$W$6:$W$205,0)),"") | H26: =IF(G26="","",SUMIFS(Positionen!$H$6:$H$205,Positionen!$T$6:$T$205,G26)) | I26: =IF(G26="","",SUMIFS(Positionen!$K$6:$K$205,Positionen!$T$6:$T$205,G26)) | J26: =IF(G26="","",SUMIFS(Positionen!$L$6:$L$205,Positionen!$T$6:$T$205,G26)) | K26: =IF(G26="","",SUMIFS(Positionen!$M$6:$M$205,Positionen!$T$6:$T$205,G26)) | M26: =IFERROR(INDEX(Positionen!$X$6:$X$205,MATCH(14,Positionen!$Y$6:$Y$205,0)),"") | N26: =IF(M26="","",SUMIFS(Positionen!$H$6:$H$205,Positionen!$X$6:$X$205,M26)) | O26: =IF(M26="","",SUMIFS(Positionen!$K$6:$K$205,Positionen!$X$6:$X$205,M26)) | P26: =IF(M26="","",SUMIFS(Positionen!$L$6:$L$205,Positionen!$X$6:$X$205,M26)) | Q26: =IF(M26="","",SUMIFS(Positionen!$M$6:$M$205,Positionen!$X$6:$X$205,M26))
A27: =IFERROR(INDEX(Positionen!$B$6:$B$205,MATCH(15,Positionen!$V$6:$V$205,0)),"") | B27: =IF(A27="","",SUMIFS(Positionen!$H$6:$H$205,Positionen!$B$6:$B$205,A27)) | C27: =IF(A27="","",SUMIFS(Positionen!$K$6:$K$205,Positionen!$B$6:$B$205,A27)) | D27: =IF(A27="","",SUMIFS(Positionen!$L$6:$L$205,Positionen!$B$6:$B$205,A27)) | E27: =IF(A27="","",SUMIFS(Positionen!$M$6:$M$205,Positionen!$B$6:$B$205,A27)) | G27: =IFERROR(INDEX(Positionen!$T$6:$T$205,MATCH(15,Positionen!$W$6:$W$205,0)),"") | H27: =IF(G27="","",SUMIFS(Positionen!$H$6:$H$205,Positionen!$T$6:$T$205,G27)) | I27: =IF(G27="","",SUMIFS(Positionen!$K$6:$K$205,Positionen!$T$6:$T$205,G27)) | J27: =IF(G27="","",SUMIFS(Positionen!$L$6:$L$205,Positionen!$T$6:$T$205,G27)) | K27: =IF(G27="","",SUMIFS(Positionen!$M$6:$M$205,Positionen!$T$6:$T$205,G27)) | M27: =IFERROR(INDEX(Positionen!$X$6:$X$205,MATCH(15,Positionen!$Y$6:$Y$205,0)),"") | N27: =IF(M27="","",SUMIFS(Positionen!$H$6:$H$205,Positionen!$X$6:$X$205,M27)) | O27: =IF(M27="","",SUMIFS(Positionen!$K$6:$K$205,Positionen!$X$6:$X$205,M27)) | P27: =IF(M27="","",SUMIFS(Positionen!$L$6:$L$205,Positionen!$X$6:$X$205,M27)) | Q27: =IF(M27="","",SUMIFS(Positionen!$M$6:$M$205,Positionen!$X$6:$X$205,M27))
A28: =IFERROR(INDEX(Positionen!$B$6:$B$205,MATCH(16,Positionen!$V$6:$V$205,0)),"") | B28: =IF(A28="","",SUMIFS(Positionen!$H$6:$H$205,Positionen!$B$6:$B$205,A28)) | C28: =IF(A28="","",SUMIFS(Positionen!$K$6:$K$205,Positionen!$B$6:$B$205,A28)) | D28: =IF(A28="","",SUMIFS(Positionen!$L$6:$L$205,Positionen!$B$6:$B$205,A28)) | E28: =IF(A28="","",SUMIFS(Positionen!$M$6:$M$205,Positionen!$B$6:$B$205,A28)) | G28: =IFERROR(INDEX(Positionen!$T$6:$T$205,MATCH(16,Positionen!$W$6:$W$205,0)),"") | H28: =IF(G28="","",SUMIFS(Positionen!$H$6:$H$205,Positionen!$T$6:$T$205,G28)) | I28: =IF(G28="","",SUMIFS(Positionen!$K$6:$K$205,Positionen!$T$6:$T$205,G28)) | J28: =IF(G28="","",SUMIFS(Positionen!$L$6:$L$205,Positionen!$T$6:$T$205,G28)) | K28: =IF(G28="","",SUMIFS(Positionen!$M$6:$M$205,Positionen!$T$6:$T$205,G28)) | M28: =IFERROR(INDEX(Positionen!$X$6:$X$205,MATCH(16,Positionen!$Y$6:$Y$205,0)),"") | N28: =IF(M28="","",SUMIFS(Positionen!$H$6:$H$205,Positionen!$X$6:$X$205,M28)) | O28: =IF(M28="","",SUMIFS(Positionen!$K$6:$K$205,Positionen!$X$6:$X$205,M28)) | P28: =IF(M28="","",SUMIFS(Positionen!$L$6:$L$205,Positionen!$X$6:$X$205,M28)) | Q28: =IF(M28="","",SUMIFS(Positionen!$M$6:$M$205,Positionen!$X$6:$X$205,M28))
A29: =IFERROR(INDEX(Positionen!$B$6:$B$205,MATCH(17,Positionen!$V$6:$V$205,0)),"") | B29: =IF(A29="","",SUMIFS(Positionen!$H$6:$H$205,Positionen!$B$6:$B$205,A29)) | C29: =IF(A29="","",SUMIFS(Positionen!$K$6:$K$205,Positionen!$B$6:$B$205,A29)) | D29: =IF(A29="","",SUMIFS(Positionen!$L$6:$L$205,Positionen!$B$6:$B$205,A29)) | E29: =IF(A29="","",SUMIFS(Positionen!$M$6:$M$205,Positionen!$B$6:$B$205,A29)) | G29: =IFERROR(INDEX(Positionen!$T$6:$T$205,MATCH(17,Positionen!$W$6:$W$205,0)),"") | H29: =IF(G29="","",SUMIFS(Positionen!$H$6:$H$205,Positionen!$T$6:$T$205,G29)) | I29: =IF(G29="","",SUMIFS(Positionen!$K$6:$K$205,Positionen!$T$6:$T$205,G29)) | J29: =IF(G29="","",SUMIFS(Positionen!$L$6:$L$205,Positionen!$T$6:$T$205,G29)) | K29: =IF(G29="","",SUMIFS(Positionen!$M$6:$M$205,Positionen!$T$6:$T$205,G29)) | M29: =IFERROR(INDEX(Positionen!$X$6:$X$205,MATCH(17,Positionen!$Y$6:$Y$205,0)),"") | N29: =IF(M29="","",SUMIFS(Positionen!$H$6:$H$205,Positionen!$X$6:$X$205,M29)) | O29: =IF(M29="","",SUMIFS(Positionen!$K$6:$K$205,Positionen!$X$6:$X$205,M29)) | P29: =IF(M29="","",SUMIFS(Positionen!$L$6:$L$205,Positionen!$X$6:$X$205,M29)) | Q29: =IF(M29="","",SUMIFS(Positionen!$M$6:$M$205,Positionen!$X$6:$X$205,M29))
A30: =IFERROR(INDEX(Positionen!$B$6:$B$205,MATCH(18,Positionen!$V$6:$V$205,0)),"") | B30: =IF(A30="","",SUMIFS(Positionen!$H$6:$H$205,Positionen!$B$6:$B$205,A30)) | C30: =IF(A30="","",SUMIFS(Positionen!$K$6:$K$205,Positionen!$B$6:$B$205,A30)) | D30: =IF(A30="","",SUMIFS(Positionen!$L$6:$L$205,Positionen!$B$6:$B$205,A30)) | E30: =IF(A30="","",SUMIFS(Positionen!$M$6:$M$205,Positionen!$B$6:$B$205,A30)) | G30: =IFERROR(INDEX(Positionen!$T$6:$T$205,MATCH(18,Positionen!$W$6:$W$205,0)),"") | H30: =IF(G30="","",SUMIFS(Positionen!$H$6:$H$205,Positionen!$T$6:$T$205,G30)) | I30: =IF(G30="","",SUMIFS(Positionen!$K$6:$K$205,Positionen!$T$6:$T$205,G30)) | J30: =IF(G30="","",SUMIFS(Positionen!$L$6:$L$205,Positionen!$T$6:$T$205,G30)) | K30: =IF(G30="","",SUMIFS(Positionen!$M$6:$M$205,Positionen!$T$6:$T$205,G30)) | M30: =IFERROR(INDEX(Positionen!$X$6:$X$205,MATCH(18,Positionen!$Y$6:$Y$205,0)),"") | N30: =IF(M30="","",SUMIFS(Positionen!$H$6:$H$205,Positionen!$X$6:$X$205,M30)) | O30: =IF(M30="","",SUMIFS(Positionen!$K$6:$K$205,Positionen!$X$6:$X$205,M30)) | P30: =IF(M30="","",SUMIFS(Positionen!$L$6:$L$205,Positionen!$X$6:$X$205,M30)) | Q30: =IF(M30="","",SUMIFS(Positionen!$M$6:$M$205,Positionen!$X$6:$X$205,M30))
A31: =IFERROR(INDEX(Positionen!$B$6:$B$205,MATCH(19,Positionen!$V$6:$V$205,0)),"") | B31: =IF(A31="","",SUMIFS(Positionen!$H$6:$H$205,Positionen!$B$6:$B$205,A31)) | C31: =IF(A31="","",SUMIFS(Positionen!$K$6:$K$205,Positionen!$B$6:$B$205,A31)) | D31: =IF(A31="","",SUMIFS(Positionen!$L$6:$L$205,Positionen!$B$6:$B$205,A31)) | E31: =IF(A31="","",SUMIFS(Positionen!$M$6:$M$205,Positionen!$B$6:$B$205,A31)) | G31: =IFERROR(INDEX(Positionen!$T$6:$T$205,MATCH(19,Positionen!$W$6:$W$205,0)),"") | H31: =IF(G31="","",SUMIFS(Positionen!$H$6:$H$205,Positionen!$T$6:$T$205,G31)) | I31: =IF(G31="","",SUMIFS(Positionen!$K$6:$K$205,Positionen!$T$6:$T$205,G31)) | J31: =IF(G31="","",SUMIFS(Positionen!$L$6:$L$205,Positionen!$T$6:$T$205,G31)) | K31: =IF(G31="","",SUMIFS(Positionen!$M$6:$M$205,Positionen!$T$6:$T$205,G31)) | M31: =IFERROR(INDEX(Positionen!$X$6:$X$205,MATCH(19,Positionen!$Y$6:$Y$205,0)),"") | N31: =IF(M31="","",SUMIFS(Positionen!$H$6:$H$205,Positionen!$X$6:$X$205,M31)) | O31: =IF(M31="","",SUMIFS(Positionen!$K$6:$K$205,Positionen!$X$6:$X$205,M31)) | P31: =IF(M31="","",SUMIFS(Positionen!$L$6:$L$205,Positionen!$X$6:$X$205,M31)) | Q31: =IF(M31="","",SUMIFS(Positionen!$M$6:$M$205,Positionen!$X$6:$X$205,M31))
A32: =IFERROR(INDEX(Positionen!$B$6:$B$205,MATCH(20,Positionen!$V$6:$V$205,0)),"") | B32: =IF(A32="","",SUMIFS(Positionen!$H$6:$H$205,Positionen!$B$6:$B$205,A32)) | C32: =IF(A32="","",SUMIFS(Positionen!$K$6:$K$205,Positionen!$B$6:$B$205,A32)) | D32: =IF(A32="","",SUMIFS(Positionen!$L$6:$L$205,Positionen!$B$6:$B$205,A32)) | E32: =IF(A32="","",SUMIFS(Positionen!$M$6:$M$205,Positionen!$B$6:$B$205,A32)) | G32: =IFERROR(INDEX(Positionen!$T$6:$T$205,MATCH(20,Positionen!$W$6:$W$205,0)),"") | H32: =IF(G32="","",SUMIFS(Positionen!$H$6:$H$205,Positionen!$T$6:$T$205,G32)) | I32: =IF(G32="","",SUMIFS(Positionen!$K$6:$K$205,Positionen!$T$6:$T$205,G32)) | J32: =IF(G32="","",SUMIFS(Positionen!$L$6:$L$205,Positionen!$T$6:$T$205,G32)) | K32: =IF(G32="","",SUMIFS(Positionen!$M$6:$M$205,Positionen!$T$6:$T$205,G32)) | M32: =IFERROR(INDEX(Positionen!$X$6:$X$205,MATCH(20,Positionen!$Y$6:$Y$205,0)),"") | N32: =IF(M32="","",SUMIFS(Positionen!$H$6:$H$205,Positionen!$X$6:$X$205,M32)) | O32: =IF(M32="","",SUMIFS(Positionen!$K$6:$K$205,Positionen!$X$6:$X$205,M32)) | P32: =IF(M32="","",SUMIFS(Positionen!$L$6:$L$205,Positionen!$X$6:$X$205,M32)) | Q32: =IF(M32="","",SUMIFS(Positionen!$M$6:$M$205,Positionen!$X$6:$X$205,M32))
A33: =IFERROR(INDEX(Positionen!$B$6:$B$205,MATCH(21,Positionen!$V$6:$V$205,0)),"") | B33: =IF(A33="","",SUMIFS(Positionen!$H$6:$H$205,Positionen!$B$6:$B$205,A33)) | C33: =IF(A33="","",SUMIFS(Positionen!$K$6:$K$205,Positionen!$B$6:$B$205,A33)) | D33: =IF(A33="","",SUMIFS(Positionen!$L$6:$L$205,Positionen!$B$6:$B$205,A33)) | E33: =IF(A33="","",SUMIFS(Positionen!$M$6:$M$205,Positionen!$B$6:$B$205,A33)) | G33: =IFERROR(INDEX(Positionen!$T$6:$T$205,MATCH(21,Positionen!$W$6:$W$205,0)),"") | H33: =IF(G33="","",SUMIFS(Positionen!$H$6:$H$205,Positionen!$T$6:$T$205,G33)) | I33: =IF(G33="","",SUMIFS(Positionen!$K$6:$K$205,Positionen!$T$6:$T$205,G33)) | J33: =IF(G33="","",SUMIFS(Positionen!$L$6:$L$205,Positionen!$T$6:$T$205,G33)) | K33: =IF(G33="","",SUMIFS(Positionen!$M$6:$M$205,Positionen!$T$6:$T$205,G33)) | M33: =IFERROR(INDEX(Positionen!$X$6:$X$205,MATCH(21,Positionen!$Y$6:$Y$205,0)),"") | N33: =IF(M33="","",SUMIFS(Positionen!$H$6:$H$205,Positionen!$X$6:$X$205,M33)) | O33: =IF(M33="","",SUMIFS(Positionen!$K$6:$K$205,Positionen!$X$6:$X$205,M33)) | P33: =IF(M33="","",SUMIFS(Positionen!$L$6:$L$205,Positionen!$X$6:$X$205,M33)) | Q33: =IF(M33="","",SUMIFS(Positionen!$M$6:$M$205,Positionen!$X$6:$X$205,M33))
A34: =IFERROR(INDEX(Positionen!$B$6:$B$205,MATCH(22,Positionen!$V$6:$V$205,0)),"") | B34: =IF(A34="","",SUMIFS(Positionen!$H$6:$H$205,Positionen!$B$6:$B$205,A34)) | C34: =IF(A34="","",SUMIFS(Positionen!$K$6:$K$205,Positionen!$B$6:$B$205,A34)) | D34: =IF(A34="","",SUMIFS(Positionen!$L$6:$L$205,Positionen!$B$6:$B$205,A34)) | E34: =IF(A34="","",SUMIFS(Positionen!$M$6:$M$205,Positionen!$B$6:$B$205,A34)) | G34: =IFERROR(INDEX(Positionen!$T$6:$T$205,MATCH(22,Positionen!$W$6:$W$205,0)),"") | H34: =IF(G34="","",SUMIFS(Positionen!$H$6:$H$205,Positionen!$T$6:$T$205,G34)) | I34: =IF(G34="","",SUMIFS(Positionen!$K$6:$K$205,Positionen!$T$6:$T$205,G34)) | J34: =IF(G34="","",SUMIFS(Positionen!$L$6:$L$205,Positionen!$T$6:$T$205,G34)) | K34: =IF(G34="","",SUMIFS(Positionen!$M$6:$M$205,Positionen!$T$6:$T$205,G34)) | M34: =IFERROR(INDEX(Positionen!$X$6:$X$205,MATCH(22,Positionen!$Y$6:$Y$205,0)),"") | N34: =IF(M34="","",SUMIFS(Positionen!$H$6:$H$205,Positionen!$X$6:$X$205,M34)) | O34: =IF(M34="","",SUMIFS(Positionen!$K$6:$K$205,Positionen!$X$6:$X$205,M34)) | P34: =IF(M34="","",SUMIFS(Positionen!$L$6:$L$205,Positionen!$X$6:$X$205,M34)) | Q34: =IF(M34="","",SUMIFS(Positionen!$M$6:$M$205,Positionen!$X$6:$X$205,M34))
A35: =IFERROR(INDEX(Positionen!$B$6:$B$205,MATCH(23,Positionen!$V$6:$V$205,0)),"") | B35: =IF(A35="","",SUMIFS(Positionen!$H$6:$H$205,Positionen!$B$6:$B$205,A35)) | C35: =IF(A35="","",SUMIFS(Positionen!$K$6:$K$205,Positionen!$B$6:$B$205,A35)) | D35: =IF(A35="","",SUMIFS(Positionen!$L$6:$L$205,Positionen!$B$6:$B$205,A35)) | E35: =IF(A35="","",SUMIFS(Positionen!$M$6:$M$205,Positionen!$B$6:$B$205,A35)) | G35: =IFERROR(INDEX(Positionen!$T$6:$T$205,MATCH(23,Positionen!$W$6:$W$205,0)),"") | H35: =IF(G35="","",SUMIFS(Positionen!$H$6:$H$205,Positionen!$T$6:$T$205,G35)) | I35: =IF(G35="","",SUMIFS(Positionen!$K$6:$K$205,Positionen!$T$6:$T$205,G35)) | J35: =IF(G35="","",SUMIFS(Positionen!$L$6:$L$205,Positionen!$T$6:$T$205,G35)) | K35: =IF(G35="","",SUMIFS(Positionen!$M$6:$M$205,Positionen!$T$6:$T$205,G35)) | M35: =IFERROR(INDEX(Positionen!$X$6:$X$205,MATCH(23,Positionen!$Y$6:$Y$205,0)),"") | N35: =IF(M35="","",SUMIFS(Positionen!$H$6:$H$205,Positionen!$X$6:$X$205,M35)) | O35: =IF(M35="","",SUMIFS(Positionen!$K$6:$K$205,Positionen!$X$6:$X$205,M35)) | P35: =IF(M35="","",SUMIFS(Positionen!$L$6:$L$205,Positionen!$X$6:$X$205,M35)) | Q35: =IF(M35="","",SUMIFS(Positionen!$M$6:$M$205,Positionen!$X$6:$X$205,M35))
A36: =IFERROR(INDEX(Positionen!$B$6:$B$205,MATCH(24,Positionen!$V$6:$V$205,0)),"") | B36: =IF(A36="","",SUMIFS(Positionen!$H$6:$H$205,Positionen!$B$6:$B$205,A36)) | C36: =IF(A36="","",SUMIFS(Positionen!$K$6:$K$205,Positionen!$B$6:$B$205,A36)) | D36: =IF(A36="","",SUMIFS(Positionen!$L$6:$L$205,Positionen!$B$6:$B$205,A36)) | E36: =IF(A36="","",SUMIFS(Positionen!$M$6:$M$205,Positionen!$B$6:$B$205,A36)) | G36: =IFERROR(INDEX(Positionen!$T$6:$T$205,MATCH(24,Positionen!$W$6:$W$205,0)),"") | H36: =IF(G36="","",SUMIFS(Positionen!$H$6:$H$205,Positionen!$T$6:$T$205,G36)) | I36: =IF(G36="","",SUMIFS(Positionen!$K$6:$K$205,Positionen!$T$6:$T$205,G36)) | J36: =IF(G36="","",SUMIFS(Positionen!$L$6:$L$205,Positionen!$T$6:$T$205,G36)) | K36: =IF(G36="","",SUMIFS(Positionen!$M$6:$M$205,Positionen!$T$6:$T$205,G36)) | M36: =IFERROR(INDEX(Positionen!$X$6:$X$205,MATCH(24,Positionen!$Y$6:$Y$205,0)),"") | N36: =IF(M36="","",SUMIFS(Positionen!$H$6:$H$205,Positionen!$X$6:$X$205,M36)) | O36: =IF(M36="","",SUMIFS(Positionen!$K$6:$K$205,Positionen!$X$6:$X$205,M36)) | P36: =IF(M36="","",SUMIFS(Positionen!$L$6:$L$205,Positionen!$X$6:$X$205,M36)) | Q36: =IF(M36="","",SUMIFS(Positionen!$M$6:$M$205,Positionen!$X$6:$X$205,M36))
A37: =IFERROR(INDEX(Positionen!$B$6:$B$205,MATCH(25,Positionen!$V$6:$V$205,0)),"") | B37: =IF(A37="","",SUMIFS(Positionen!$H$6:$H$205,Positionen!$B$6:$B$205,A37)) | C37: =IF(A37="","",SUMIFS(Positionen!$K$6:$K$205,Positionen!$B$6:$B$205,A37)) | D37: =IF(A37="","",SUMIFS(Positionen!$L$6:$L$205,Positionen!$B$6:$B$205,A37)) | E37: =IF(A37="","",SUMIFS(Positionen!$M$6:$M$205,Positionen!$B$6:$B$205,A37)) | G37: =IFERROR(INDEX(Positionen!$T$6:$T$205,MATCH(25,Positionen!$W$6:$W$205,0)),"") | H37: =IF(G37="","",SUMIFS(Positionen!$H$6:$H$205,Positionen!$T$6:$T$205,G37)) | I37: =IF(G37="","",SUMIFS(Positionen!$K$6:$K$205,Positionen!$T$6:$T$205,G37)) | J37: =IF(G37="","",SUMIFS(Positionen!$L$6:$L$205,Positionen!$T$6:$T$205,G37)) | K37: =IF(G37="","",SUMIFS(Positionen!$M$6:$M$205,Positionen!$T$6:$T$205,G37)) | M37: =IFERROR(INDEX(Positionen!$X$6:$X$205,MATCH(25,Positionen!$Y$6:$Y$205,0)),"") | N37: =IF(M37="","",SUMIFS(Positionen!$H$6:$H$205,Positionen!$X$6:$X$205,M37)) | O37: =IF(M37="","",SUMIFS(Positionen!$K$6:$K$205,Positionen!$X$6:$X$205,M37)) | P37: =IF(M37="","",SUMIFS(Positionen!$L$6:$L$205,Positionen!$X$6:$X$205,M37)) | Q37: =IF(M37="","",SUMIFS(Positionen!$M$6:$M$205,Positionen!$X$6:$X$205,M37))
A38: =IFERROR(INDEX(Positionen!$B$6:$B$205,MATCH(26,Positionen!$V$6:$V$205,0)),"") | B38: =IF(A38="","",SUMIFS(Positionen!$H$6:$H$205,Positionen!$B$6:$B$205,A38)) | C38: =IF(A38="","",SUMIFS(Positionen!$K$6:$K$205,Positionen!$B$6:$B$205,A38)) | D38: =IF(A38="","",SUMIFS(Positionen!$L$6:$L$205,Positionen!$B$6:$B$205,A38)) | E38: =IF(A38="","",SUMIFS(Positionen!$M$6:$M$205,Positionen!$B$6:$B$205,A38)) | G38: =IFERROR(INDEX(Positionen!$T$6:$T$205,MATCH(26,Positionen!$W$6:$W$205,0)),"") | H38: =IF(G38="","",SUMIFS(Positionen!$H$6:$H$205,Positionen!$T$6:$T$205,G38)) | I38: =IF(G38="","",SUMIFS(Positionen!$K$6:$K$205,Positionen!$T$6:$T$205,G38)) | J38: =IF(G38="","",SUMIFS(Positionen!$L$6:$L$205,Positionen!$T$6:$T$205,G38)) | K38: =IF(G38="","",SUMIFS(Positionen!$M$6:$M$205,Positionen!$T$6:$T$205,G38)) | M38: =IFERROR(INDEX(Positionen!$X$6:$X$205,MATCH(26,Positionen!$Y$6:$Y$205,0)),"") | N38: =IF(M38="","",SUMIFS(Positionen!$H$6:$H$205,Positionen!$X$6:$X$205,M38)) | O38: =IF(M38="","",SUMIFS(Positionen!$K$6:$K$205,Positionen!$X$6:$X$205,M38)) | P38: =IF(M38="","",SUMIFS(Positionen!$L$6:$L$205,Positionen!$X$6:$X$205,M38)) | Q38: =IF(M38="","",SUMIFS(Positionen!$M$6:$M$205,Positionen!$X$6:$X$205,M38))
A39: =IFERROR(INDEX(Positionen!$B$6:$B$205,MATCH(27,Positionen!$V$6:$V$205,0)),"") | B39: =IF(A39="","",SUMIFS(Positionen!$H$6:$H$205,Positionen!$B$6:$B$205,A39)) | C39: =IF(A39="","",SUMIFS(Positionen!$K$6:$K$205,Positionen!$B$6:$B$205,A39)) | D39: =IF(A39="","",SUMIFS(Positionen!$L$6:$L$205,Positionen!$B$6:$B$205,A39)) | E39: =IF(A39="","",SUMIFS(Positionen!$M$6:$M$205,Positionen!$B$6:$B$205,A39)) | G39: =IFERROR(INDEX(Positionen!$T$6:$T$205,MATCH(27,Positionen!$W$6:$W$205,0)),"") | H39: =IF(G39="","",SUMIFS(Positionen!$H$6:$H$205,Positionen!$T$6:$T$205,G39)) | I39: =IF(G39="","",SUMIFS(Positionen!$K$6:$K$205,Positionen!$T$6:$T$205,G39)) | J39: =IF(G39="","",SUMIFS(Positionen!$L$6:$L$205,Positionen!$T$6:$T$205,G39)) | K39: =IF(G39="","",SUMIFS(Positionen!$M$6:$M$205,Positionen!$T$6:$T$205,G39)) | M39: =IFERROR(INDEX(Positionen!$X$6:$X$205,MATCH(27,Positionen!$Y$6:$Y$205,0)),"") | N39: =IF(M39="","",SUMIFS(Positionen!$H$6:$H$205,Positionen!$X$6:$X$205,M39)) | O39: =IF(M39="","",SUMIFS(Positionen!$K$6:$K$205,Positionen!$X$6:$X$205,M39)) | P39: =IF(M39="","",SUMIFS(Positionen!$L$6:$L$205,Positionen!$X$6:$X$205,M39)) | Q39: =IF(M39="","",SUMIFS(Positionen!$M$6:$M$205,Positionen!$X$6:$X$205,M39))
A40: =IFERROR(INDEX(Positionen!$B$6:$B$205,MATCH(28,Positionen!$V$6:$V$205,0)),"") | B40: =IF(A40="","",SUMIFS(Positionen!$H$6:$H$205,Positionen!$B$6:$B$205,A40)) | C40: =IF(A40="","",SUMIFS(Positionen!$K$6:$K$205,Positionen!$B$6:$B$205,A40)) | D40: =IF(A40="","",SUMIFS(Positionen!$L$6:$L$205,Positionen!$B$6:$B$205,A40)) | E40: =IF(A40="","",SUMIFS(Positionen!$M$6:$M$205,Positionen!$B$6:$B$205,A40)) | G40: =IFERROR(INDEX(Positionen!$T$6:$T$205,MATCH(28,Positionen!$W$6:$W$205,0)),"") | H40: =IF(G40="","",SUMIFS(Positionen!$H$6:$H$205,Positionen!$T$6:$T$205,G40)) | I40: =IF(G40="","",SUMIFS(Positionen!$K$6:$K$205,Positionen!$T$6:$T$205,G40)) | J40: =IF(G40="","",SUMIFS(Positionen!$L$6:$L$205,Positionen!$T$6:$T$205,G40)) | K40: =IF(G40="","",SUMIFS(Positionen!$M$6:$M$205,Positionen!$T$6:$T$205,G40)) | M40: =IFERROR(INDEX(Positionen!$X$6:$X$205,MATCH(28,Positionen!$Y$6:$Y$205,0)),"") | N40: =IF(M40="","",SUMIFS(Positionen!$H$6:$H$205,Positionen!$X$6:$X$205,M40)) | O40: =IF(M40="","",SUMIFS(Positionen!$K$6:$K$205,Positionen!$X$6:$X$205,M40)) | P40: =IF(M40="","",SUMIFS(Positionen!$L$6:$L$205,Positionen!$X$6:$X$205,M40)) | Q40: =IF(M40="","",SUMIFS(Positionen!$M$6:$M$205,Positionen!$X$6:$X$205,M40))
A41: =IFERROR(INDEX(Positionen!$B$6:$B$205,MATCH(29,Positionen!$V$6:$V$205,0)),"") | B41: =IF(A41="","",SUMIFS(Positionen!$H$6:$H$205,Positionen!$B$6:$B$205,A41)) | C41: =IF(A41="","",SUMIFS(Positionen!$K$6:$K$205,Positionen!$B$6:$B$205,A41)) | D41: =IF(A41="","",SUMIFS(Positionen!$L$6:$L$205,Positionen!$B$6:$B$205,A41)) | E41: =IF(A41="","",SUMIFS(Positionen!$M$6:$M$205,Positionen!$B$6:$B$205,A41)) | G41: =IFERROR(INDEX(Positionen!$T$6:$T$205,MATCH(29,Positionen!$W$6:$W$205,0)),"") | H41: =IF(G41="","",SUMIFS(Positionen!$H$6:$H$205,Positionen!$T$6:$T$205,G41)) | I41: =IF(G41="","",SUMIFS(Positionen!$K$6:$K$205,Positionen!$T$6:$T$205,G41)) | J41: =IF(G41="","",SUMIFS(Positionen!$L$6:$L$205,Positionen!$T$6:$T$205,G41)) | K41: =IF(G41="","",SUMIFS(Positionen!$M$6:$M$205,Positionen!$T$6:$T$205,G41)) | M41: =IFERROR(INDEX(Positionen!$X$6:$X$205,MATCH(29,Positionen!$Y$6:$Y$205,0)),"") | N41: =IF(M41="","",SUMIFS(Positionen!$H$6:$H$205,Positionen!$X$6:$X$205,M41)) | O41: =IF(M41="","",SUMIFS(Positionen!$K$6:$K$205,Positionen!$X$6:$X$205,M41)) | P41: =IF(M41="","",SUMIFS(Positionen!$L$6:$L$205,Positionen!$X$6:$X$205,M41)) | Q41: =IF(M41="","",SUMIFS(Positionen!$M$6:$M$205,Positionen!$X$6:$X$205,M41))
A42: =IFERROR(INDEX(Positionen!$B$6:$B$205,MATCH(30,Positionen!$V$6:$V$205,0)),"") | B42: =IF(A42="","",SUMIFS(Positionen!$H$6:$H$205,Positionen!$B$6:$B$205,A42)) | C42: =IF(A42="","",SUMIFS(Positionen!$K$6:$K$205,Positionen!$B$6:$B$205,A42)) | D42: =IF(A42="","",SUMIFS(Positionen!$L$6:$L$205,Positionen!$B$6:$B$205,A42)) | E42: =IF(A42="","",SUMIFS(Positionen!$M$6:$M$205,Positionen!$B$6:$B$205,A42)) | G42: =IFERROR(INDEX(Positionen!$T$6:$T$205,MATCH(30,Positionen!$W$6:$W$205,0)),"") | H42: =IF(G42="","",SUMIFS(Positionen!$H$6:$H$205,Positionen!$T$6:$T$205,G42)) | I42: =IF(G42="","",SUMIFS(Positionen!$K$6:$K$205,Positionen!$T$6:$T$205,G42)) | J42: =IF(G42="","",SUMIFS(Positionen!$L$6:$L$205,Positionen!$T$6:$T$205,G42)) | K42: =IF(G42="","",SUMIFS(Positionen!$M$6:$M$205,Positionen!$T$6:$T$205,G42)) | M42: =IFERROR(INDEX(Positionen!$X$6:$X$205,MATCH(30,Positionen!$Y$6:$Y$205,0)),"") | N42: =IF(M42="","",SUMIFS(Positionen!$H$6:$H$205,Positionen!$X$6:$X$205,M42)) | O42: =IF(M42="","",SUMIFS(Positionen!$K$6:$K$205,Positionen!$X$6:$X$205,M42)) | P42: =IF(M42="","",SUMIFS(Positionen!$L$6:$L$205,Positionen!$X$6:$X$205,M42)) | Q42: =IF(M42="","",SUMIFS(Positionen!$M$6:$M$205,Positionen!$X$6:$X$205,M42))
A43: =IFERROR(INDEX(Positionen!$B$6:$B$205,MATCH(31,Positionen!$V$6:$V$205,0)),"") | B43: =IF(A43="","",SUMIFS(Positionen!$H$6:$H$205,Positionen!$B$6:$B$205,A43)) | C43: =IF(A43="","",SUMIFS(Positionen!$K$6:$K$205,Positionen!$B$6:$B$205,A43)) | D43: =IF(A43="","",SUMIFS(Positionen!$L$6:$L$205,Positionen!$B$6:$B$205,A43)) | E43: =IF(A43="","",SUMIFS(Positionen!$M$6:$M$205,Positionen!$B$6:$B$205,A43)) | G43: =IFERROR(INDEX(Positionen!$T$6:$T$205,MATCH(31,Positionen!$W$6:$W$205,0)),"") | H43: =IF(G43="","",SUMIFS(Positionen!$H$6:$H$205,Positionen!$T$6:$T$205,G43)) | I43: =IF(G43="","",SUMIFS(Positionen!$K$6:$K$205,Positionen!$T$6:$T$205,G43)) | J43: =IF(G43="","",SUMIFS(Positionen!$L$6:$L$205,Positionen!$T$6:$T$205,G43)) | K43: =IF(G43="","",SUMIFS(Positionen!$M$6:$M$205,Positionen!$T$6:$T$205,G43)) | M43: =IFERROR(INDEX(Positionen!$X$6:$X$205,MATCH(31,Positionen!$Y$6:$Y$205,0)),"") | N43: =IF(M43="","",SUMIFS(Positionen!$H$6:$H$205,Positionen!$X$6:$X$205,M43)) | O43: =IF(M43="","",SUMIFS(Positionen!$K$6:$K$205,Positionen!$X$6:$X$205,M43)) | P43: =IF(M43="","",SUMIFS(Positionen!$L$6:$L$205,Positionen!$X$6:$X$205,M43)) | Q43: =IF(M43="","",SUMIFS(Positionen!$M$6:$M$205,Positionen!$X$6:$X$205,M43))
A44: =IFERROR(INDEX(Positionen!$B$6:$B$205,MATCH(32,Positionen!$V$6:$V$205,0)),"") | B44: =IF(A44="","",SUMIFS(Positionen!$H$6:$H$205,Positionen!$B$6:$B$205,A44)) | C44: =IF(A44="","",SUMIFS(Positionen!$K$6:$K$205,Positionen!$B$6:$B$205,A44)) | D44: =IF(A44="","",SUMIFS(Positionen!$L$6:$L$205,Positionen!$B$6:$B$205,A44)) | E44: =IF(A44="","",SUMIFS(Positionen!$M$6:$M$205,Positionen!$B$6:$B$205,A44)) | G44: =IFERROR(INDEX(Positionen!$T$6:$T$205,MATCH(32,Positionen!$W$6:$W$205,0)),"") | H44: =IF(G44="","",SUMIFS(Positionen!$H$6:$H$205,Positionen!$T$6:$T$205,G44)) | I44: =IF(G44="","",SUMIFS(Positionen!$K$6:$K$205,Positionen!$T$6:$T$205,G44)) | J44: =IF(G44="","",SUMIFS(Positionen!$L$6:$L$205,Positionen!$T$6:$T$205,G44)) | K44: =IF(G44="","",SUMIFS(Positionen!$M$6:$M$205,Positionen!$T$6:$T$205,G44)) | M44: =IFERROR(INDEX(Positionen!$X$6:$X$205,MATCH(32,Positionen!$Y$6:$Y$205,0)),"") | N44: =IF(M44="","",SUMIFS(Positionen!$H$6:$H$205,Positionen!$X$6:$X$205,M44)) | O44: =IF(M44="","",SUMIFS(Positionen!$K$6:$K$205,Positionen!$X$6:$X$205,M44)) | P44: =IF(M44="","",SUMIFS(Positionen!$L$6:$L$205,Positionen!$X$6:$X$205,M44)) | Q44: =IF(M44="","",SUMIFS(Positionen!$M$6:$M$205,Positionen!$X$6:$X$205,M44))
A45: =IFERROR(INDEX(Positionen!$B$6:$B$205,MATCH(33,Positionen!$V$6:$V$205,0)),"") | B45: =IF(A45="","",SUMIFS(Positionen!$H$6:$H$205,Positionen!$B$6:$B$205,A45)) | C45: =IF(A45="","",SUMIFS(Positionen!$K$6:$K$205,Positionen!$B$6:$B$205,A45)) | D45: =IF(A45="","",SUMIFS(Positionen!$L$6:$L$205,Positionen!$B$6:$B$205,A45)) | E45: =IF(A45="","",SUMIFS(Positionen!$M$6:$M$205,Positionen!$B$6:$B$205,A45)) | G45: =IFERROR(INDEX(Positionen!$T$6:$T$205,MATCH(33,Positionen!$W$6:$W$205,0)),"") | H45: =IF(G45="","",SUMIFS(Positionen!$H$6:$H$205,Positionen!$T$6:$T$205,G45)) | I45: =IF(G45="","",SUMIFS(Positionen!$K$6:$K$205,Positionen!$T$6:$T$205,G45)) | J45: =IF(G45="","",SUMIFS(Positionen!$L$6:$L$205,Positionen!$T$6:$T$205,G45)) | K45: =IF(G45="","",SUMIFS(Positionen!$M$6:$M$205,Positionen!$T$6:$T$205,G45)) | M45: =IFERROR(INDEX(Positionen!$X$6:$X$205,MATCH(33,Positionen!$Y$6:$Y$205,0)),"") | N45: =IF(M45="","",SUMIFS(Positionen!$H$6:$H$205,Positionen!$X$6:$X$205,M45)) | O45: =IF(M45="","",SUMIFS(Positionen!$K$6:$K$205,Positionen!$X$6:$X$205,M45)) | P45: =IF(M45="","",SUMIFS(Positionen!$L$6:$L$205,Positionen!$X$6:$X$205,M45)) | Q45: =IF(M45="","",SUMIFS(Positionen!$M$6:$M$205,Positionen!$X$6:$X$205,M45))
A46: =IFERROR(INDEX(Positionen!$B$6:$B$205,MATCH(34,Positionen!$V$6:$V$205,0)),"") | B46: =IF(A46="","",SUMIFS(Positionen!$H$6:$H$205,Positionen!$B$6:$B$205,A46)) | C46: =IF(A46="","",SUMIFS(Positionen!$K$6:$K$205,Positionen!$B$6:$B$205,A46)) | D46: =IF(A46="","",SUMIFS(Positionen!$L$6:$L$205,Positionen!$B$6:$B$205,A46)) | E46: =IF(A46="","",SUMIFS(Positionen!$M$6:$M$205,Positionen!$B$6:$B$205,A46)) | G46: =IFERROR(INDEX(Positionen!$T$6:$T$205,MATCH(34,Positionen!$W$6:$W$205,0)),"") | H46: =IF(G46="","",SUMIFS(Positionen!$H$6:$H$205,Positionen!$T$6:$T$205,G46)) | I46: =IF(G46="","",SUMIFS(Positionen!$K$6:$K$205,Positionen!$T$6:$T$205,G46)) | J46: =IF(G46="","",SUMIFS(Positionen!$L$6:$L$205,Positionen!$T$6:$T$205,G46)) | K46: =IF(G46="","",SUMIFS(Positionen!$M$6:$M$205,Positionen!$T$6:$T$205,G46)) | M46: =IFERROR(INDEX(Positionen!$X$6:$X$205,MATCH(34,Positionen!$Y$6:$Y$205,0)),"") | N46: =IF(M46="","",SUMIFS(Positionen!$H$6:$H$205,Positionen!$X$6:$X$205,M46)) | O46: =IF(M46="","",SUMIFS(Positionen!$K$6:$K$205,Positionen!$X$6:$X$205,M46)) | P46: =IF(M46="","",SUMIFS(Positionen!$L$6:$L$205,Positionen!$X$6:$X$205,M46)) | Q46: =IF(M46="","",SUMIFS(Positionen!$M$6:$M$205,Positionen!$X$6:$X$205,M46))
A47: =IFERROR(INDEX(Positionen!$B$6:$B$205,MATCH(35,Positionen!$V$6:$V$205,0)),"") | B47: =IF(A47="","",SUMIFS(Positionen!$H$6:$H$205,Positionen!$B$6:$B$205,A47)) | C47: =IF(A47="","",SUMIFS(Positionen!$K$6:$K$205,Positionen!$B$6:$B$205,A47)) | D47: =IF(A47="","",SUMIFS(Positionen!$L$6:$L$205,Positionen!$B$6:$B$205,A47)) | E47: =IF(A47="","",SUMIFS(Positionen!$M$6:$M$205,Positionen!$B$6:$B$205,A47)) | G47: =IFERROR(INDEX(Positionen!$T$6:$T$205,MATCH(35,Positionen!$W$6:$W$205,0)),"") | H47: =IF(G47="","",SUMIFS(Positionen!$H$6:$H$205,Positionen!$T$6:$T$205,G47)) | I47: =IF(G47="","",SUMIFS(Positionen!$K$6:$K$205,Positionen!$T$6:$T$205,G47)) | J47: =IF(G47="","",SUMIFS(Positionen!$L$6:$L$205,Positionen!$T$6:$T$205,G47)) | K47: =IF(G47="","",SUMIFS(Positionen!$M$6:$M$205,Positionen!$T$6:$T$205,G47)) | M47: =IFERROR(INDEX(Positionen!$X$6:$X$205,MATCH(35,Positionen!$Y$6:$Y$205,0)),"") | N47: =IF(M47="","",SUMIFS(Positionen!$H$6:$H$205,Positionen!$X$6:$X$205,M47)) | O47: =IF(M47="","",SUMIFS(Positionen!$K$6:$K$205,Positionen!$X$6:$X$205,M47)) | P47: =IF(M47="","",SUMIFS(Positionen!$L$6:$L$205,Positionen!$X$6:$X$205,M47)) | Q47: =IF(M47="","",SUMIFS(Positionen!$M$6:$M$205,Positionen!$X$6:$X$205,M47))
A48: =IFERROR(INDEX(Positionen!$B$6:$B$205,MATCH(36,Positionen!$V$6:$V$205,0)),"") | B48: =IF(A48="","",SUMIFS(Positionen!$H$6:$H$205,Positionen!$B$6:$B$205,A48)) | C48: =IF(A48="","",SUMIFS(Positionen!$K$6:$K$205,Positionen!$B$6:$B$205,A48)) | D48: =IF(A48="","",SUMIFS(Positionen!$L$6:$L$205,Positionen!$B$6:$B$205,A48)) | E48: =IF(A48="","",SUMIFS(Positionen!$M$6:$M$205,Positionen!$B$6:$B$205,A48)) | G48: =IFERROR(INDEX(Positionen!$T$6:$T$205,MATCH(36,Positionen!$W$6:$W$205,0)),"") | H48: =IF(G48="","",SUMIFS(Positionen!$H$6:$H$205,Positionen!$T$6:$T$205,G48)) | I48: =IF(G48="","",SUMIFS(Positionen!$K$6:$K$205,Positionen!$T$6:$T$205,G48)) | J48: =IF(G48="","",SUMIFS(Positionen!$L$6:$L$205,Positionen!$T$6:$T$205,G48)) | K48: =IF(G48="","",SUMIFS(Positionen!$M$6:$M$205,Positionen!$T$6:$T$205,G48)) | M48: =IFERROR(INDEX(Positionen!$X$6:$X$205,MATCH(36,Positionen!$Y$6:$Y$205,0)),"") | N48: =IF(M48="","",SUMIFS(Positionen!$H$6:$H$205,Positionen!$X$6:$X$205,M48)) | O48: =IF(M48="","",SUMIFS(Positionen!$K$6:$K$205,Positionen!$X$6:$X$205,M48)) | P48: =IF(M48="","",SUMIFS(Positionen!$L$6:$L$205,Positionen!$X$6:$X$205,M48)) | Q48: =IF(M48="","",SUMIFS(Positionen!$M$6:$M$205,Positionen!$X$6:$X$205,M48))
A49: =IFERROR(INDEX(Positionen!$B$6:$B$205,MATCH(37,Positionen!$V$6:$V$205,0)),"") | B49: =IF(A49="","",SUMIFS(Positionen!$H$6:$H$205,Positionen!$B$6:$B$205,A49)) | C49: =IF(A49="","",SUMIFS(Positionen!$K$6:$K$205,Positionen!$B$6:$B$205,A49)) | D49: =IF(A49="","",SUMIFS(Positionen!$L$6:$L$205,Positionen!$B$6:$B$205,A49)) | E49: =IF(A49="","",SUMIFS(Positionen!$M$6:$M$205,Positionen!$B$6:$B$205,A49)) | G49: =IFERROR(INDEX(Positionen!$T$6:$T$205,MATCH(37,Positionen!$W$6:$W$205,0)),"") | H49: =IF(G49="","",SUMIFS(Positionen!$H$6:$H$205,Positionen!$T$6:$T$205,G49)) | I49: =IF(G49="","",SUMIFS(Positionen!$K$6:$K$205,Positionen!$T$6:$T$205,G49)) | J49: =IF(G49="","",SUMIFS(Positionen!$L$6:$L$205,Positionen!$T$6:$T$205,G49)) | K49: =IF(G49="","",SUMIFS(Positionen!$M$6:$M$205,Positionen!$T$6:$T$205,G49)) | M49: =IFERROR(INDEX(Positionen!$X$6:$X$205,MATCH(37,Positionen!$Y$6:$Y$205,0)),"") | N49: =IF(M49="","",SUMIFS(Positionen!$H$6:$H$205,Positionen!$X$6:$X$205,M49)) | O49: =IF(M49="","",SUMIFS(Positionen!$K$6:$K$205,Positionen!$X$6:$X$205,M49)) | P49: =IF(M49="","",SUMIFS(Positionen!$L$6:$L$205,Positionen!$X$6:$X$205,M49)) | Q49: =IF(M49="","",SUMIFS(Positionen!$M$6:$M$205,Positionen!$X$6:$X$205,M49))
A50: =IFERROR(INDEX(Positionen!$B$6:$B$205,MATCH(38,Positionen!$V$6:$V$205,0)),"") | B50: =IF(A50="","",SUMIFS(Positionen!$H$6:$H$205,Positionen!$B$6:$B$205,A50)) | C50: =IF(A50="","",SUMIFS(Positionen!$K$6:$K$205,Positionen!$B$6:$B$205,A50)) | D50: =IF(A50="","",SUMIFS(Positionen!$L$6:$L$205,Positionen!$B$6:$B$205,A50)) | E50: =IF(A50="","",SUMIFS(Positionen!$M$6:$M$205,Positionen!$B$6:$B$205,A50)) | G50: =IFERROR(INDEX(Positionen!$T$6:$T$205,MATCH(38,Positionen!$W$6:$W$205,0)),"") | H50: =IF(G50="","",SUMIFS(Positionen!$H$6:$H$205,Positionen!$T$6:$T$205,G50)) | I50: =IF(G50="","",SUMIFS(Positionen!$K$6:$K$205,Positionen!$T$6:$T$205,G50)) | J50: =IF(G50="","",SUMIFS(Positionen!$L$6:$L$205,Positionen!$T$6:$T$205,G50)) | K50: =IF(G50="","",SUMIFS(Positionen!$M$6:$M$205,Positionen!$T$6:$T$205,G50)) | M50: =IFERROR(INDEX(Positionen!$X$6:$X$205,MATCH(38,Positionen!$Y$6:$Y$205,0)),"") | N50: =IF(M50="","",SUMIFS(Positionen!$H$6:$H$205,Positionen!$X$6:$X$205,M50)) | O50: =IF(M50="","",SUMIFS(Positionen!$K$6:$K$205,Positionen!$X$6:$X$205,M50)) | P50: =IF(M50="","",SUMIFS(Positionen!$L$6:$L$205,Positionen!$X$6:$X$205,M50)) | Q50: =IF(M50="","",SUMIFS(Positionen!$M$6:$M$205,Positionen!$X$6:$X$205,M50))
A51: =IFERROR(INDEX(Positionen!$B$6:$B$205,MATCH(39,Positionen!$V$6:$V$205,0)),"") | B51: =IF(A51="","",SUMIFS(Positionen!$H$6:$H$205,Positionen!$B$6:$B$205,A51)) | C51: =IF(A51="","",SUMIFS(Positionen!$K$6:$K$205,Positionen!$B$6:$B$205,A51)) | D51: =IF(A51="","",SUMIFS(Positionen!$L$6:$L$205,Positionen!$B$6:$B$205,A51)) | E51: =IF(A51="","",SUMIFS(Positionen!$M$6:$M$205,Positionen!$B$6:$B$205,A51)) | G51: =IFERROR(INDEX(Positionen!$T$6:$T$205,MATCH(39,Positionen!$W$6:$W$205,0)),"") | H51: =IF(G51="","",SUMIFS(Positionen!$H$6:$H$205,Positionen!$T$6:$T$205,G51)) | I51: =IF(G51="","",SUMIFS(Positionen!$K$6:$K$205,Positionen!$T$6:$T$205,G51)) | J51: =IF(G51="","",SUMIFS(Positionen!$L$6:$L$205,Positionen!$T$6:$T$205,G51)) | K51: =IF(G51="","",SUMIFS(Positionen!$M$6:$M$205,Positionen!$T$6:$T$205,G51)) | M51: =IFERROR(INDEX(Positionen!$X$6:$X$205,MATCH(39,Positionen!$Y$6:$Y$205,0)),"") | N51: =IF(M51="","",SUMIFS(Positionen!$H$6:$H$205,Positionen!$X$6:$X$205,M51)) | O51: =IF(M51="","",SUMIFS(Positionen!$K$6:$K$205,Positionen!$X$6:$X$205,M51)) | P51: =IF(M51="","",SUMIFS(Positionen!$L$6:$L$205,Positionen!$X$6:$X$205,M51)) | Q51: =IF(M51="","",SUMIFS(Positionen!$M$6:$M$205,Positionen!$X$6:$X$205,M51))
A52: =IFERROR(INDEX(Positionen!$B$6:$B$205,MATCH(40,Positionen!$V$6:$V$205,0)),"") | B52: =IF(A52="","",SUMIFS(Positionen!$H$6:$H$205,Positionen!$B$6:$B$205,A52)) | C52: =IF(A52="","",SUMIFS(Positionen!$K$6:$K$205,Positionen!$B$6:$B$205,A52)) | D52: =IF(A52="","",SUMIFS(Positionen!$L$6:$L$205,Positionen!$B$6:$B$205,A52)) | E52: =IF(A52="","",SUMIFS(Positionen!$M$6:$M$205,Positionen!$B$6:$B$205,A52)) | G52: =IFERROR(INDEX(Positionen!$T$6:$T$205,MATCH(40,Positionen!$W$6:$W$205,0)),"") | H52: =IF(G52="","",SUMIFS(Positionen!$H$6:$H$205,Positionen!$T$6:$T$205,G52)) | I52: =IF(G52="","",SUMIFS(Positionen!$K$6:$K$205,Positionen!$T$6:$T$205,G52)) | J52: =IF(G52="","",SUMIFS(Positionen!$L$6:$L$205,Positionen!$T$6:$T$205,G52)) | K52: =IF(G52="","",SUMIFS(Positionen!$M$6:$M$205,Positionen!$T$6:$T$205,G52)) | M52: =IFERROR(INDEX(Positionen!$X$6:$X$205,MATCH(40,Positionen!$Y$6:$Y$205,0)),"") | N52: =IF(M52="","",SUMIFS(Positionen!$H$6:$H$205,Positionen!$X$6:$X$205,M52)) | O52: =IF(M52="","",SUMIFS(Positionen!$K$6:$K$205,Positionen!$X$6:$X$205,M52)) | P52: =IF(M52="","",SUMIFS(Positionen!$L$6:$L$205,Positionen!$X$6:$X$205,M52)) | Q52: =IF(M52="","",SUMIFS(Positionen!$M$6:$M$205,Positionen!$X$6:$X$205,M52))

Sheet Tafelbedarf
R1: =MAX(1,COUNT(Positionen!$W$6:$W$205))
A4: ZUSCHNITT / TAFELBEDARF | E4: =IF(P_NR="","",P_NR&" · "&P_NAME)
A6: Tafeln nach Fläche = m² netto + Verschnitt ÷ Tafelfläche. Tafeln nach Zuschnitt = pro Position Teile pro Tafel (beide Richtungen geprüft), ohne Kombination verschiedener Positionen – also eher zu viel. Empfehlung = der grössere Wert. Tafelformat und Verschnitt pro Zeile überschreibbar.
A8: Material · Dicke | B8: m² netto | C8: Verschnitt | D8: m² brutto | E8: Tafelformat (änderbar) | F8: Tafeln nach Fläche | G8: Tafeln nach Zuschnitt | H8: Empfehlung Tafeln | I8: Gewicht Tafeln kg | J8: längste Länge mm | K8: grösste Abwicklung | L8: Hinweis | O8: Tafel B | P8: Tafel L
A9: =IFERROR(INDEX(Positionen!$T$6:$T$205,MATCH(1,Positionen!$W$6:$W$205,0)),"") | B9: =IF(A9="","",SUMIFS(Positionen!$L$6:$L$205,Positionen!$T$6:$T$205,A9)) | C9: =IF(A9="","",P_VERSCHNITT) | D9: =IF(A9="","",B9*(1+C9)) | E9: =IF(A9="","",P_TAFEL) | F9: =IF(OR(A9="",N(B9)=0,O9="",P9=""),"",ROUNDUP(D9/(O9*P9/1000000),0)) | G9: =IF(A9="","",IF(SUMIFS(Positionen!$AB$6:$AB$205,Positionen!$T$6:$T$205,A9)=0,"",SUMIFS(Positionen!$AB$6:$AB$205,Positionen!$T$6:$T$205,A9))) | H9: =IF(F9="","",MAX(F9,N(G9))) | I9: =IF(H9="","",IFERROR(H9*O9*P9/1000000*INDEX(Positionen!$Q$6:$Q$205,MATCH(A9,Positionen!$T$6:$T$205,0))*INDEX(L_Dichte,MATCH(INDEX(Positionen!$P$6:$P$205,MATCH(A9,Positionen!$T$6:$T$205,0)),L_Material,0)),"")) | J9: =IF(N(B9)=0,"",_xlfn.MAXIFS(Positionen!$G$6:$G$205,Positionen!$T$6:$T$205,A9)) | K9: =IF(N(B9)=0,"",_xlfn.MAXIFS(Positionen!$F$6:$F$205,Positionen!$T$6:$T$205,A9)) | L9: =IF(A9="","",IF(N(B9)=0,"nur Stückteile – kein Tafelbedarf",IF(O9="","Tafelformat unbekannt – Stammdaten prüfen",IF(J9>MAX(O9,P9),"⚠ Länge > Tafel – stossen / Coil",IF(K9>MAX(O9,P9),"⚠ Abwicklung > Tafel",IF(AND(N(G9)=0,B9>0),"Zuschnitt prüfen (Teil passt nicht quer/längs)","OK")))))) | O9: =IF(A9="","",IFERROR(INDEX(L_TafelB,MATCH(E9,L_Tafel,0)),"")) | P9: =IF(A9="","",IFERROR(INDEX(L_TafelL,MATCH(E9,L_Tafel,0)),""))
A10: =IFERROR(INDEX(Positionen!$T$6:$T$205,MATCH(2,Positionen!$W$6:$W$205,0)),"") | B10: =IF(A10="","",SUMIFS(Positionen!$L$6:$L$205,Positionen!$T$6:$T$205,A10)) | C10: =IF(A10="","",P_VERSCHNITT) | D10: =IF(A10="","",B10*(1+C10)) | E10: =IF(A10="","",P_TAFEL) | F10: =IF(OR(A10="",N(B10)=0,O10="",P10=""),"",ROUNDUP(D10/(O10*P10/1000000),0)) | G10: =IF(A10="","",IF(SUMIFS(Positionen!$AB$6:$AB$205,Positionen!$T$6:$T$205,A10)=0,"",SUMIFS(Positionen!$AB$6:$AB$205,Positionen!$T$6:$T$205,A10))) | H10: =IF(F10="","",MAX(F10,N(G10))) | I10: =IF(H10="","",IFERROR(H10*O10*P10/1000000*INDEX(Positionen!$Q$6:$Q$205,MATCH(A10,Positionen!$T$6:$T$205,0))*INDEX(L_Dichte,MATCH(INDEX(Positionen!$P$6:$P$205,MATCH(A10,Positionen!$T$6:$T$205,0)),L_Material,0)),"")) | J10: =IF(N(B10)=0,"",_xlfn.MAXIFS(Positionen!$G$6:$G$205,Positionen!$T$6:$T$205,A10)) | K10: =IF(N(B10)=0,"",_xlfn.MAXIFS(Positionen!$F$6:$F$205,Positionen!$T$6:$T$205,A10)) | L10: =IF(A10="","",IF(N(B10)=0,"nur Stückteile – kein Tafelbedarf",IF(O10="","Tafelformat unbekannt – Stammdaten prüfen",IF(J10>MAX(O10,P10),"⚠ Länge > Tafel – stossen / Coil",IF(K10>MAX(O10,P10),"⚠ Abwicklung > Tafel",IF(AND(N(G10)=0,B10>0),"Zuschnitt prüfen (Teil passt nicht quer/längs)","OK")))))) | O10: =IF(A10="","",IFERROR(INDEX(L_TafelB,MATCH(E10,L_Tafel,0)),"")) | P10: =IF(A10="","",IFERROR(INDEX(L_TafelL,MATCH(E10,L_Tafel,0)),""))
A11: =IFERROR(INDEX(Positionen!$T$6:$T$205,MATCH(3,Positionen!$W$6:$W$205,0)),"") | B11: =IF(A11="","",SUMIFS(Positionen!$L$6:$L$205,Positionen!$T$6:$T$205,A11)) | C11: =IF(A11="","",P_VERSCHNITT) | D11: =IF(A11="","",B11*(1+C11)) | E11: =IF(A11="","",P_TAFEL) | F11: =IF(OR(A11="",N(B11)=0,O11="",P11=""),"",ROUNDUP(D11/(O11*P11/1000000),0)) | G11: =IF(A11="","",IF(SUMIFS(Positionen!$AB$6:$AB$205,Positionen!$T$6:$T$205,A11)=0,"",SUMIFS(Positionen!$AB$6:$AB$205,Positionen!$T$6:$T$205,A11))) | H11: =IF(F11="","",MAX(F11,N(G11))) | I11: =IF(H11="","",IFERROR(H11*O11*P11/1000000*INDEX(Positionen!$Q$6:$Q$205,MATCH(A11,Positionen!$T$6:$T$205,0))*INDEX(L_Dichte,MATCH(INDEX(Positionen!$P$6:$P$205,MATCH(A11,Positionen!$T$6:$T$205,0)),L_Material,0)),"")) | J11: =IF(N(B11)=0,"",_xlfn.MAXIFS(Positionen!$G$6:$G$205,Positionen!$T$6:$T$205,A11)) | K11: =IF(N(B11)=0,"",_xlfn.MAXIFS(Positionen!$F$6:$F$205,Positionen!$T$6:$T$205,A11)) | L11: =IF(A11="","",IF(N(B11)=0,"nur Stückteile – kein Tafelbedarf",IF(O11="","Tafelformat unbekannt – Stammdaten prüfen",IF(J11>MAX(O11,P11),"⚠ Länge > Tafel – stossen / Coil",IF(K11>MAX(O11,P11),"⚠ Abwicklung > Tafel",IF(AND(N(G11)=0,B11>0),"Zuschnitt prüfen (Teil passt nicht quer/längs)","OK")))))) | O11: =IF(A11="","",IFERROR(INDEX(L_TafelB,MATCH(E11,L_Tafel,0)),"")) | P11: =IF(A11="","",IFERROR(INDEX(L_TafelL,MATCH(E11,L_Tafel,0)),""))
A12: =IFERROR(INDEX(Positionen!$T$6:$T$205,MATCH(4,Positionen!$W$6:$W$205,0)),"") | B12: =IF(A12="","",SUMIFS(Positionen!$L$6:$L$205,Positionen!$T$6:$T$205,A12)) | C12: =IF(A12="","",P_VERSCHNITT) | D12: =IF(A12="","",B12*(1+C12)) | E12: =IF(A12="","",P_TAFEL) | F12: =IF(OR(A12="",N(B12)=0,O12="",P12=""),"",ROUNDUP(D12/(O12*P12/1000000),0)) | G12: =IF(A12="","",IF(SUMIFS(Positionen!$AB$6:$AB$205,Positionen!$T$6:$T$205,A12)=0,"",SUMIFS(Positionen!$AB$6:$AB$205,Positionen!$T$6:$T$205,A12))) | H12: =IF(F12="","",MAX(F12,N(G12))) | I12: =IF(H12="","",IFERROR(H12*O12*P12/1000000*INDEX(Positionen!$Q$6:$Q$205,MATCH(A12,Positionen!$T$6:$T$205,0))*INDEX(L_Dichte,MATCH(INDEX(Positionen!$P$6:$P$205,MATCH(A12,Positionen!$T$6:$T$205,0)),L_Material,0)),"")) | J12: =IF(N(B12)=0,"",_xlfn.MAXIFS(Positionen!$G$6:$G$205,Positionen!$T$6:$T$205,A12)) | K12: =IF(N(B12)=0,"",_xlfn.MAXIFS(Positionen!$F$6:$F$205,Positionen!$T$6:$T$205,A12)) | L12: =IF(A12="","",IF(N(B12)=0,"nur Stückteile – kein Tafelbedarf",IF(O12="","Tafelformat unbekannt – Stammdaten prüfen",IF(J12>MAX(O12,P12),"⚠ Länge > Tafel – stossen / Coil",IF(K12>MAX(O12,P12),"⚠ Abwicklung > Tafel",IF(AND(N(G12)=0,B12>0),"Zuschnitt prüfen (Teil passt nicht quer/längs)","OK")))))) | O12: =IF(A12="","",IFERROR(INDEX(L_TafelB,MATCH(E12,L_Tafel,0)),"")) | P12: =IF(A12="","",IFERROR(INDEX(L_TafelL,MATCH(E12,L_Tafel,0)),""))
A13: =IFERROR(INDEX(Positionen!$T$6:$T$205,MATCH(5,Positionen!$W$6:$W$205,0)),"") | B13: =IF(A13="","",SUMIFS(Positionen!$L$6:$L$205,Positionen!$T$6:$T$205,A13)) | C13: =IF(A13="","",P_VERSCHNITT) | D13: =IF(A13="","",B13*(1+C13)) | E13: =IF(A13="","",P_TAFEL) | F13: =IF(OR(A13="",N(B13)=0,O13="",P13=""),"",ROUNDUP(D13/(O13*P13/1000000),0)) | G13: =IF(A13="","",IF(SUMIFS(Positionen!$AB$6:$AB$205,Positionen!$T$6:$T$205,A13)=0,"",SUMIFS(Positionen!$AB$6:$AB$205,Positionen!$T$6:$T$205,A13))) | H13: =IF(F13="","",MAX(F13,N(G13))) | I13: =IF(H13="","",IFERROR(H13*O13*P13/1000000*INDEX(Positionen!$Q$6:$Q$205,MATCH(A13,Positionen!$T$6:$T$205,0))*INDEX(L_Dichte,MATCH(INDEX(Positionen!$P$6:$P$205,MATCH(A13,Positionen!$T$6:$T$205,0)),L_Material,0)),"")) | J13: =IF(N(B13)=0,"",_xlfn.MAXIFS(Positionen!$G$6:$G$205,Positionen!$T$6:$T$205,A13)) | K13: =IF(N(B13)=0,"",_xlfn.MAXIFS(Positionen!$F$6:$F$205,Positionen!$T$6:$T$205,A13)) | L13: =IF(A13="","",IF(N(B13)=0,"nur Stückteile – kein Tafelbedarf",IF(O13="","Tafelformat unbekannt – Stammdaten prüfen",IF(J13>MAX(O13,P13),"⚠ Länge > Tafel – stossen / Coil",IF(K13>MAX(O13,P13),"⚠ Abwicklung > Tafel",IF(AND(N(G13)=0,B13>0),"Zuschnitt prüfen (Teil passt nicht quer/längs)","OK")))))) | O13: =IF(A13="","",IFERROR(INDEX(L_TafelB,MATCH(E13,L_Tafel,0)),"")) | P13: =IF(A13="","",IFERROR(INDEX(L_TafelL,MATCH(E13,L_Tafel,0)),""))
A14: =IFERROR(INDEX(Positionen!$T$6:$T$205,MATCH(6,Positionen!$W$6:$W$205,0)),"") | B14: =IF(A14="","",SUMIFS(Positionen!$L$6:$L$205,Positionen!$T$6:$T$205,A14)) | C14: =IF(A14="","",P_VERSCHNITT) | D14: =IF(A14="","",B14*(1+C14)) | E14: =IF(A14="","",P_TAFEL) | F14: =IF(OR(A14="",N(B14)=0,O14="",P14=""),"",ROUNDUP(D14/(O14*P14/1000000),0)) | G14: =IF(A14="","",IF(SUMIFS(Positionen!$AB$6:$AB$205,Positionen!$T$6:$T$205,A14)=0,"",SUMIFS(Positionen!$AB$6:$AB$205,Positionen!$T$6:$T$205,A14))) | H14: =IF(F14="","",MAX(F14,N(G14))) | I14: =IF(H14="","",IFERROR(H14*O14*P14/1000000*INDEX(Positionen!$Q$6:$Q$205,MATCH(A14,Positionen!$T$6:$T$205,0))*INDEX(L_Dichte,MATCH(INDEX(Positionen!$P$6:$P$205,MATCH(A14,Positionen!$T$6:$T$205,0)),L_Material,0)),"")) | J14: =IF(N(B14)=0,"",_xlfn.MAXIFS(Positionen!$G$6:$G$205,Positionen!$T$6:$T$205,A14)) | K14: =IF(N(B14)=0,"",_xlfn.MAXIFS(Positionen!$F$6:$F$205,Positionen!$T$6:$T$205,A14)) | L14: =IF(A14="","",IF(N(B14)=0,"nur Stückteile – kein Tafelbedarf",IF(O14="","Tafelformat unbekannt – Stammdaten prüfen",IF(J14>MAX(O14,P14),"⚠ Länge > Tafel – stossen / Coil",IF(K14>MAX(O14,P14),"⚠ Abwicklung > Tafel",IF(AND(N(G14)=0,B14>0),"Zuschnitt prüfen (Teil passt nicht quer/längs)","OK")))))) | O14: =IF(A14="","",IFERROR(INDEX(L_TafelB,MATCH(E14,L_Tafel,0)),"")) | P14: =IF(A14="","",IFERROR(INDEX(L_TafelL,MATCH(E14,L_Tafel,0)),""))
A15: =IFERROR(INDEX(Positionen!$T$6:$T$205,MATCH(7,Positionen!$W$6:$W$205,0)),"") | B15: =IF(A15="","",SUMIFS(Positionen!$L$6:$L$205,Positionen!$T$6:$T$205,A15)) | C15: =IF(A15="","",P_VERSCHNITT) | D15: =IF(A15="","",B15*(1+C15)) | E15: =IF(A15="","",P_TAFEL) | F15: =IF(OR(A15="",N(B15)=0,O15="",P15=""),"",ROUNDUP(D15/(O15*P15/1000000),0)) | G15: =IF(A15="","",IF(SUMIFS(Positionen!$AB$6:$AB$205,Positionen!$T$6:$T$205,A15)=0,"",SUMIFS(Positionen!$AB$6:$AB$205,Positionen!$T$6:$T$205,A15))) | H15: =IF(F15="","",MAX(F15,N(G15))) | I15: =IF(H15="","",IFERROR(H15*O15*P15/1000000*INDEX(Positionen!$Q$6:$Q$205,MATCH(A15,Positionen!$T$6:$T$205,0))*INDEX(L_Dichte,MATCH(INDEX(Positionen!$P$6:$P$205,MATCH(A15,Positionen!$T$6:$T$205,0)),L_Material,0)),"")) | J15: =IF(N(B15)=0,"",_xlfn.MAXIFS(Positionen!$G$6:$G$205,Positionen!$T$6:$T$205,A15)) | K15: =IF(N(B15)=0,"",_xlfn.MAXIFS(Positionen!$F$6:$F$205,Positionen!$T$6:$T$205,A15)) | L15: =IF(A15="","",IF(N(B15)=0,"nur Stückteile – kein Tafelbedarf",IF(O15="","Tafelformat unbekannt – Stammdaten prüfen",IF(J15>MAX(O15,P15),"⚠ Länge > Tafel – stossen / Coil",IF(K15>MAX(O15,P15),"⚠ Abwicklung > Tafel",IF(AND(N(G15)=0,B15>0),"Zuschnitt prüfen (Teil passt nicht quer/längs)","OK")))))) | O15: =IF(A15="","",IFERROR(INDEX(L_TafelB,MATCH(E15,L_Tafel,0)),"")) | P15: =IF(A15="","",IFERROR(INDEX(L_TafelL,MATCH(E15,L_Tafel,0)),""))
A16: =IFERROR(INDEX(Positionen!$T$6:$T$205,MATCH(8,Positionen!$W$6:$W$205,0)),"") | B16: =IF(A16="","",SUMIFS(Positionen!$L$6:$L$205,Positionen!$T$6:$T$205,A16)) | C16: =IF(A16="","",P_VERSCHNITT) | D16: =IF(A16="","",B16*(1+C16)) | E16: =IF(A16="","",P_TAFEL) | F16: =IF(OR(A16="",N(B16)=0,O16="",P16=""),"",ROUNDUP(D16/(O16*P16/1000000),0)) | G16: =IF(A16="","",IF(SUMIFS(Positionen!$AB$6:$AB$205,Positionen!$T$6:$T$205,A16)=0,"",SUMIFS(Positionen!$AB$6:$AB$205,Positionen!$T$6:$T$205,A16))) | H16: =IF(F16="","",MAX(F16,N(G16))) | I16: =IF(H16="","",IFERROR(H16*O16*P16/1000000*INDEX(Positionen!$Q$6:$Q$205,MATCH(A16,Positionen!$T$6:$T$205,0))*INDEX(L_Dichte,MATCH(INDEX(Positionen!$P$6:$P$205,MATCH(A16,Positionen!$T$6:$T$205,0)),L_Material,0)),"")) | J16: =IF(N(B16)=0,"",_xlfn.MAXIFS(Positionen!$G$6:$G$205,Positionen!$T$6:$T$205,A16)) | K16: =IF(N(B16)=0,"",_xlfn.MAXIFS(Positionen!$F$6:$F$205,Positionen!$T$6:$T$205,A16)) | L16: =IF(A16="","",IF(N(B16)=0,"nur Stückteile – kein Tafelbedarf",IF(O16="","Tafelformat unbekannt – Stammdaten prüfen",IF(J16>MAX(O16,P16),"⚠ Länge > Tafel – stossen / Coil",IF(K16>MAX(O16,P16),"⚠ Abwicklung > Tafel",IF(AND(N(G16)=0,B16>0),"Zuschnitt prüfen (Teil passt nicht quer/längs)","OK")))))) | O16: =IF(A16="","",IFERROR(INDEX(L_TafelB,MATCH(E16,L_Tafel,0)),"")) | P16: =IF(A16="","",IFERROR(INDEX(L_TafelL,MATCH(E16,L_Tafel,0)),""))
A17: =IFERROR(INDEX(Positionen!$T$6:$T$205,MATCH(9,Positionen!$W$6:$W$205,0)),"") | B17: =IF(A17="","",SUMIFS(Positionen!$L$6:$L$205,Positionen!$T$6:$T$205,A17)) | C17: =IF(A17="","",P_VERSCHNITT) | D17: =IF(A17="","",B17*(1+C17)) | E17: =IF(A17="","",P_TAFEL) | F17: =IF(OR(A17="",N(B17)=0,O17="",P17=""),"",ROUNDUP(D17/(O17*P17/1000000),0)) | G17: =IF(A17="","",IF(SUMIFS(Positionen!$AB$6:$AB$205,Positionen!$T$6:$T$205,A17)=0,"",SUMIFS(Positionen!$AB$6:$AB$205,Positionen!$T$6:$T$205,A17))) | H17: =IF(F17="","",MAX(F17,N(G17))) | I17: =IF(H17="","",IFERROR(H17*O17*P17/1000000*INDEX(Positionen!$Q$6:$Q$205,MATCH(A17,Positionen!$T$6:$T$205,0))*INDEX(L_Dichte,MATCH(INDEX(Positionen!$P$6:$P$205,MATCH(A17,Positionen!$T$6:$T$205,0)),L_Material,0)),"")) | J17: =IF(N(B17)=0,"",_xlfn.MAXIFS(Positionen!$G$6:$G$205,Positionen!$T$6:$T$205,A17)) | K17: =IF(N(B17)=0,"",_xlfn.MAXIFS(Positionen!$F$6:$F$205,Positionen!$T$6:$T$205,A17)) | L17: =IF(A17="","",IF(N(B17)=0,"nur Stückteile – kein Tafelbedarf",IF(O17="","Tafelformat unbekannt – Stammdaten prüfen",IF(J17>MAX(O17,P17),"⚠ Länge > Tafel – stossen / Coil",IF(K17>MAX(O17,P17),"⚠ Abwicklung > Tafel",IF(AND(N(G17)=0,B17>0),"Zuschnitt prüfen (Teil passt nicht quer/längs)","OK")))))) | O17: =IF(A17="","",IFERROR(INDEX(L_TafelB,MATCH(E17,L_Tafel,0)),"")) | P17: =IF(A17="","",IFERROR(INDEX(L_TafelL,MATCH(E17,L_Tafel,0)),""))
A18: =IFERROR(INDEX(Positionen!$T$6:$T$205,MATCH(10,Positionen!$W$6:$W$205,0)),"") | B18: =IF(A18="","",SUMIFS(Positionen!$L$6:$L$205,Positionen!$T$6:$T$205,A18)) | C18: =IF(A18="","",P_VERSCHNITT) | D18: =IF(A18="","",B18*(1+C18)) | E18: =IF(A18="","",P_TAFEL) | F18: =IF(OR(A18="",N(B18)=0,O18="",P18=""),"",ROUNDUP(D18/(O18*P18/1000000),0)) | G18: =IF(A18="","",IF(SUMIFS(Positionen!$AB$6:$AB$205,Positionen!$T$6:$T$205,A18)=0,"",SUMIFS(Positionen!$AB$6:$AB$205,Positionen!$T$6:$T$205,A18))) | H18: =IF(F18="","",MAX(F18,N(G18))) | I18: =IF(H18="","",IFERROR(H18*O18*P18/1000000*INDEX(Positionen!$Q$6:$Q$205,MATCH(A18,Positionen!$T$6:$T$205,0))*INDEX(L_Dichte,MATCH(INDEX(Positionen!$P$6:$P$205,MATCH(A18,Positionen!$T$6:$T$205,0)),L_Material,0)),"")) | J18: =IF(N(B18)=0,"",_xlfn.MAXIFS(Positionen!$G$6:$G$205,Positionen!$T$6:$T$205,A18)) | K18: =IF(N(B18)=0,"",_xlfn.MAXIFS(Positionen!$F$6:$F$205,Positionen!$T$6:$T$205,A18)) | L18: =IF(A18="","",IF(N(B18)=0,"nur Stückteile – kein Tafelbedarf",IF(O18="","Tafelformat unbekannt – Stammdaten prüfen",IF(J18>MAX(O18,P18),"⚠ Länge > Tafel – stossen / Coil",IF(K18>MAX(O18,P18),"⚠ Abwicklung > Tafel",IF(AND(N(G18)=0,B18>0),"Zuschnitt prüfen (Teil passt nicht quer/längs)","OK")))))) | O18: =IF(A18="","",IFERROR(INDEX(L_TafelB,MATCH(E18,L_Tafel,0)),"")) | P18: =IF(A18="","",IFERROR(INDEX(L_TafelL,MATCH(E18,L_Tafel,0)),""))
A19: =IFERROR(INDEX(Positionen!$T$6:$T$205,MATCH(11,Positionen!$W$6:$W$205,0)),"") | B19: =IF(A19="","",SUMIFS(Positionen!$L$6:$L$205,Positionen!$T$6:$T$205,A19)) | C19: =IF(A19="","",P_VERSCHNITT) | D19: =IF(A19="","",B19*(1+C19)) | E19: =IF(A19="","",P_TAFEL) | F19: =IF(OR(A19="",N(B19)=0,O19="",P19=""),"",ROUNDUP(D19/(O19*P19/1000000),0)) | G19: =IF(A19="","",IF(SUMIFS(Positionen!$AB$6:$AB$205,Positionen!$T$6:$T$205,A19)=0,"",SUMIFS(Positionen!$AB$6:$AB$205,Positionen!$T$6:$T$205,A19))) | H19: =IF(F19="","",MAX(F19,N(G19))) | I19: =IF(H19="","",IFERROR(H19*O19*P19/1000000*INDEX(Positionen!$Q$6:$Q$205,MATCH(A19,Positionen!$T$6:$T$205,0))*INDEX(L_Dichte,MATCH(INDEX(Positionen!$P$6:$P$205,MATCH(A19,Positionen!$T$6:$T$205,0)),L_Material,0)),"")) | J19: =IF(N(B19)=0,"",_xlfn.MAXIFS(Positionen!$G$6:$G$205,Positionen!$T$6:$T$205,A19)) | K19: =IF(N(B19)=0,"",_xlfn.MAXIFS(Positionen!$F$6:$F$205,Positionen!$T$6:$T$205,A19)) | L19: =IF(A19="","",IF(N(B19)=0,"nur Stückteile – kein Tafelbedarf",IF(O19="","Tafelformat unbekannt – Stammdaten prüfen",IF(J19>MAX(O19,P19),"⚠ Länge > Tafel – stossen / Coil",IF(K19>MAX(O19,P19),"⚠ Abwicklung > Tafel",IF(AND(N(G19)=0,B19>0),"Zuschnitt prüfen (Teil passt nicht quer/längs)","OK")))))) | O19: =IF(A19="","",IFERROR(INDEX(L_TafelB,MATCH(E19,L_Tafel,0)),"")) | P19: =IF(A19="","",IFERROR(INDEX(L_TafelL,MATCH(E19,L_Tafel,0)),""))
A20: =IFERROR(INDEX(Positionen!$T$6:$T$205,MATCH(12,Positionen!$W$6:$W$205,0)),"") | B20: =IF(A20="","",SUMIFS(Positionen!$L$6:$L$205,Positionen!$T$6:$T$205,A20)) | C20: =IF(A20="","",P_VERSCHNITT) | D20: =IF(A20="","",B20*(1+C20)) | E20: =IF(A20="","",P_TAFEL) | F20: =IF(OR(A20="",N(B20)=0,O20="",P20=""),"",ROUNDUP(D20/(O20*P20/1000000),0)) | G20: =IF(A20="","",IF(SUMIFS(Positionen!$AB$6:$AB$205,Positionen!$T$6:$T$205,A20)=0,"",SUMIFS(Positionen!$AB$6:$AB$205,Positionen!$T$6:$T$205,A20))) | H20: =IF(F20="","",MAX(F20,N(G20))) | I20: =IF(H20="","",IFERROR(H20*O20*P20/1000000*INDEX(Positionen!$Q$6:$Q$205,MATCH(A20,Positionen!$T$6:$T$205,0))*INDEX(L_Dichte,MATCH(INDEX(Positionen!$P$6:$P$205,MATCH(A20,Positionen!$T$6:$T$205,0)),L_Material,0)),"")) | J20: =IF(N(B20)=0,"",_xlfn.MAXIFS(Positionen!$G$6:$G$205,Positionen!$T$6:$T$205,A20)) | K20: =IF(N(B20)=0,"",_xlfn.MAXIFS(Positionen!$F$6:$F$205,Positionen!$T$6:$T$205,A20)) | L20: =IF(A20="","",IF(N(B20)=0,"nur Stückteile – kein Tafelbedarf",IF(O20="","Tafelformat unbekannt – Stammdaten prüfen",IF(J20>MAX(O20,P20),"⚠ Länge > Tafel – stossen / Coil",IF(K20>MAX(O20,P20),"⚠ Abwicklung > Tafel",IF(AND(N(G20)=0,B20>0),"Zuschnitt prüfen (Teil passt nicht quer/längs)","OK")))))) | O20: =IF(A20="","",IFERROR(INDEX(L_TafelB,MATCH(E20,L_Tafel,0)),"")) | P20: =IF(A20="","",IFERROR(INDEX(L_TafelL,MATCH(E20,L_Tafel,0)),""))
A21: =IFERROR(INDEX(Positionen!$T$6:$T$205,MATCH(13,Positionen!$W$6:$W$205,0)),"") | B21: =IF(A21="","",SUMIFS(Positionen!$L$6:$L$205,Positionen!$T$6:$T$205,A21)) | C21: =IF(A21="","",P_VERSCHNITT) | D21: =IF(A21="","",B21*(1+C21)) | E21: =IF(A21="","",P_TAFEL) | F21: =IF(OR(A21="",N(B21)=0,O21="",P21=""),"",ROUNDUP(D21/(O21*P21/1000000),0)) | G21: =IF(A21="","",IF(SUMIFS(Positionen!$AB$6:$AB$205,Positionen!$T$6:$T$205,A21)=0,"",SUMIFS(Positionen!$AB$6:$AB$205,Positionen!$T$6:$T$205,A21))) | H21: =IF(F21="","",MAX(F21,N(G21))) | I21: =IF(H21="","",IFERROR(H21*O21*P21/1000000*INDEX(Positionen!$Q$6:$Q$205,MATCH(A21,Positionen!$T$6:$T$205,0))*INDEX(L_Dichte,MATCH(INDEX(Positionen!$P$6:$P$205,MATCH(A21,Positionen!$T$6:$T$205,0)),L_Material,0)),"")) | J21: =IF(N(B21)=0,"",_xlfn.MAXIFS(Positionen!$G$6:$G$205,Positionen!$T$6:$T$205,A21)) | K21: =IF(N(B21)=0,"",_xlfn.MAXIFS(Positionen!$F$6:$F$205,Positionen!$T$6:$T$205,A21)) | L21: =IF(A21="","",IF(N(B21)=0,"nur Stückteile – kein Tafelbedarf",IF(O21="","Tafelformat unbekannt – Stammdaten prüfen",IF(J21>MAX(O21,P21),"⚠ Länge > Tafel – stossen / Coil",IF(K21>MAX(O21,P21),"⚠ Abwicklung > Tafel",IF(AND(N(G21)=0,B21>0),"Zuschnitt prüfen (Teil passt nicht quer/längs)","OK")))))) | O21: =IF(A21="","",IFERROR(INDEX(L_TafelB,MATCH(E21,L_Tafel,0)),"")) | P21: =IF(A21="","",IFERROR(INDEX(L_TafelL,MATCH(E21,L_Tafel,0)),""))
A22: =IFERROR(INDEX(Positionen!$T$6:$T$205,MATCH(14,Positionen!$W$6:$W$205,0)),"") | B22: =IF(A22="","",SUMIFS(Positionen!$L$6:$L$205,Positionen!$T$6:$T$205,A22)) | C22: =IF(A22="","",P_VERSCHNITT) | D22: =IF(A22="","",B22*(1+C22)) | E22: =IF(A22="","",P_TAFEL) | F22: =IF(OR(A22="",N(B22)=0,O22="",P22=""),"",ROUNDUP(D22/(O22*P22/1000000),0)) | G22: =IF(A22="","",IF(SUMIFS(Positionen!$AB$6:$AB$205,Positionen!$T$6:$T$205,A22)=0,"",SUMIFS(Positionen!$AB$6:$AB$205,Positionen!$T$6:$T$205,A22))) | H22: =IF(F22="","",MAX(F22,N(G22))) | I22: =IF(H22="","",IFERROR(H22*O22*P22/1000000*INDEX(Positionen!$Q$6:$Q$205,MATCH(A22,Positionen!$T$6:$T$205,0))*INDEX(L_Dichte,MATCH(INDEX(Positionen!$P$6:$P$205,MATCH(A22,Positionen!$T$6:$T$205,0)),L_Material,0)),"")) | J22: =IF(N(B22)=0,"",_xlfn.MAXIFS(Positionen!$G$6:$G$205,Positionen!$T$6:$T$205,A22)) | K22: =IF(N(B22)=0,"",_xlfn.MAXIFS(Positionen!$F$6:$F$205,Positionen!$T$6:$T$205,A22)) | L22: =IF(A22="","",IF(N(B22)=0,"nur Stückteile – kein Tafelbedarf",IF(O22="","Tafelformat unbekannt – Stammdaten prüfen",IF(J22>MAX(O22,P22),"⚠ Länge > Tafel – stossen / Coil",IF(K22>MAX(O22,P22),"⚠ Abwicklung > Tafel",IF(AND(N(G22)=0,B22>0),"Zuschnitt prüfen (Teil passt nicht quer/längs)","OK")))))) | O22: =IF(A22="","",IFERROR(INDEX(L_TafelB,MATCH(E22,L_Tafel,0)),"")) | P22: =IF(A22="","",IFERROR(INDEX(L_TafelL,MATCH(E22,L_Tafel,0)),""))
A23: =IFERROR(INDEX(Positionen!$T$6:$T$205,MATCH(15,Positionen!$W$6:$W$205,0)),"") | B23: =IF(A23="","",SUMIFS(Positionen!$L$6:$L$205,Positionen!$T$6:$T$205,A23)) | C23: =IF(A23="","",P_VERSCHNITT) | D23: =IF(A23="","",B23*(1+C23)) | E23: =IF(A23="","",P_TAFEL) | F23: =IF(OR(A23="",N(B23)=0,O23="",P23=""),"",ROUNDUP(D23/(O23*P23/1000000),0)) | G23: =IF(A23="","",IF(SUMIFS(Positionen!$AB$6:$AB$205,Positionen!$T$6:$T$205,A23)=0,"",SUMIFS(Positionen!$AB$6:$AB$205,Positionen!$T$6:$T$205,A23))) | H23: =IF(F23="","",MAX(F23,N(G23))) | I23: =IF(H23="","",IFERROR(H23*O23*P23/1000000*INDEX(Positionen!$Q$6:$Q$205,MATCH(A23,Positionen!$T$6:$T$205,0))*INDEX(L_Dichte,MATCH(INDEX(Positionen!$P$6:$P$205,MATCH(A23,Positionen!$T$6:$T$205,0)),L_Material,0)),"")) | J23: =IF(N(B23)=0,"",_xlfn.MAXIFS(Positionen!$G$6:$G$205,Positionen!$T$6:$T$205,A23)) | K23: =IF(N(B23)=0,"",_xlfn.MAXIFS(Positionen!$F$6:$F$205,Positionen!$T$6:$T$205,A23)) | L23: =IF(A23="","",IF(N(B23)=0,"nur Stückteile – kein Tafelbedarf",IF(O23="","Tafelformat unbekannt – Stammdaten prüfen",IF(J23>MAX(O23,P23),"⚠ Länge > Tafel – stossen / Coil",IF(K23>MAX(O23,P23),"⚠ Abwicklung > Tafel",IF(AND(N(G23)=0,B23>0),"Zuschnitt prüfen (Teil passt nicht quer/längs)","OK")))))) | O23: =IF(A23="","",IFERROR(INDEX(L_TafelB,MATCH(E23,L_Tafel,0)),"")) | P23: =IF(A23="","",IFERROR(INDEX(L_TafelL,MATCH(E23,L_Tafel,0)),""))
A24: =IFERROR(INDEX(Positionen!$T$6:$T$205,MATCH(16,Positionen!$W$6:$W$205,0)),"") | B24: =IF(A24="","",SUMIFS(Positionen!$L$6:$L$205,Positionen!$T$6:$T$205,A24)) | C24: =IF(A24="","",P_VERSCHNITT) | D24: =IF(A24="","",B24*(1+C24)) | E24: =IF(A24="","",P_TAFEL) | F24: =IF(OR(A24="",N(B24)=0,O24="",P24=""),"",ROUNDUP(D24/(O24*P24/1000000),0)) | G24: =IF(A24="","",IF(SUMIFS(Positionen!$AB$6:$AB$205,Positionen!$T$6:$T$205,A24)=0,"",SUMIFS(Positionen!$AB$6:$AB$205,Positionen!$T$6:$T$205,A24))) | H24: =IF(F24="","",MAX(F24,N(G24))) | I24: =IF(H24="","",IFERROR(H24*O24*P24/1000000*INDEX(Positionen!$Q$6:$Q$205,MATCH(A24,Positionen!$T$6:$T$205,0))*INDEX(L_Dichte,MATCH(INDEX(Positionen!$P$6:$P$205,MATCH(A24,Positionen!$T$6:$T$205,0)),L_Material,0)),"")) | J24: =IF(N(B24)=0,"",_xlfn.MAXIFS(Positionen!$G$6:$G$205,Positionen!$T$6:$T$205,A24)) | K24: =IF(N(B24)=0,"",_xlfn.MAXIFS(Positionen!$F$6:$F$205,Positionen!$T$6:$T$205,A24)) | L24: =IF(A24="","",IF(N(B24)=0,"nur Stückteile – kein Tafelbedarf",IF(O24="","Tafelformat unbekannt – Stammdaten prüfen",IF(J24>MAX(O24,P24),"⚠ Länge > Tafel – stossen / Coil",IF(K24>MAX(O24,P24),"⚠ Abwicklung > Tafel",IF(AND(N(G24)=0,B24>0),"Zuschnitt prüfen (Teil passt nicht quer/längs)","OK")))))) | O24: =IF(A24="","",IFERROR(INDEX(L_TafelB,MATCH(E24,L_Tafel,0)),"")) | P24: =IF(A24="","",IFERROR(INDEX(L_TafelL,MATCH(E24,L_Tafel,0)),""))
A25: =IFERROR(INDEX(Positionen!$T$6:$T$205,MATCH(17,Positionen!$W$6:$W$205,0)),"") | B25: =IF(A25="","",SUMIFS(Positionen!$L$6:$L$205,Positionen!$T$6:$T$205,A25)) | C25: =IF(A25="","",P_VERSCHNITT) | D25: =IF(A25="","",B25*(1+C25)) | E25: =IF(A25="","",P_TAFEL) | F25: =IF(OR(A25="",N(B25)=0,O25="",P25=""),"",ROUNDUP(D25/(O25*P25/1000000),0)) | G25: =IF(A25="","",IF(SUMIFS(Positionen!$AB$6:$AB$205,Positionen!$T$6:$T$205,A25)=0,"",SUMIFS(Positionen!$AB$6:$AB$205,Positionen!$T$6:$T$205,A25))) | H25: =IF(F25="","",MAX(F25,N(G25))) | I25: =IF(H25="","",IFERROR(H25*O25*P25/1000000*INDEX(Positionen!$Q$6:$Q$205,MATCH(A25,Positionen!$T$6:$T$205,0))*INDEX(L_Dichte,MATCH(INDEX(Positionen!$P$6:$P$205,MATCH(A25,Positionen!$T$6:$T$205,0)),L_Material,0)),"")) | J25: =IF(N(B25)=0,"",_xlfn.MAXIFS(Positionen!$G$6:$G$205,Positionen!$T$6:$T$205,A25)) | K25: =IF(N(B25)=0,"",_xlfn.MAXIFS(Positionen!$F$6:$F$205,Positionen!$T$6:$T$205,A25)) | L25: =IF(A25="","",IF(N(B25)=0,"nur Stückteile – kein Tafelbedarf",IF(O25="","Tafelformat unbekannt – Stammdaten prüfen",IF(J25>MAX(O25,P25),"⚠ Länge > Tafel – stossen / Coil",IF(K25>MAX(O25,P25),"⚠ Abwicklung > Tafel",IF(AND(N(G25)=0,B25>0),"Zuschnitt prüfen (Teil passt nicht quer/längs)","OK")))))) | O25: =IF(A25="","",IFERROR(INDEX(L_TafelB,MATCH(E25,L_Tafel,0)),"")) | P25: =IF(A25="","",IFERROR(INDEX(L_TafelL,MATCH(E25,L_Tafel,0)),""))
A26: =IFERROR(INDEX(Positionen!$T$6:$T$205,MATCH(18,Positionen!$W$6:$W$205,0)),"") | B26: =IF(A26="","",SUMIFS(Positionen!$L$6:$L$205,Positionen!$T$6:$T$205,A26)) | C26: =IF(A26="","",P_VERSCHNITT) | D26: =IF(A26="","",B26*(1+C26)) | E26: =IF(A26="","",P_TAFEL) | F26: =IF(OR(A26="",N(B26)=0,O26="",P26=""),"",ROUNDUP(D26/(O26*P26/1000000),0)) | G26: =IF(A26="","",IF(SUMIFS(Positionen!$AB$6:$AB$205,Positionen!$T$6:$T$205,A26)=0,"",SUMIFS(Positionen!$AB$6:$AB$205,Positionen!$T$6:$T$205,A26))) | H26: =IF(F26="","",MAX(F26,N(G26))) | I26: =IF(H26="","",IFERROR(H26*O26*P26/1000000*INDEX(Positionen!$Q$6:$Q$205,MATCH(A26,Positionen!$T$6:$T$205,0))*INDEX(L_Dichte,MATCH(INDEX(Positionen!$P$6:$P$205,MATCH(A26,Positionen!$T$6:$T$205,0)),L_Material,0)),"")) | J26: =IF(N(B26)=0,"",_xlfn.MAXIFS(Positionen!$G$6:$G$205,Positionen!$T$6:$T$205,A26)) | K26: =IF(N(B26)=0,"",_xlfn.MAXIFS(Positionen!$F$6:$F$205,Positionen!$T$6:$T$205,A26)) | L26: =IF(A26="","",IF(N(B26)=0,"nur Stückteile – kein Tafelbedarf",IF(O26="","Tafelformat unbekannt – Stammdaten prüfen",IF(J26>MAX(O26,P26),"⚠ Länge > Tafel – stossen / Coil",IF(K26>MAX(O26,P26),"⚠ Abwicklung > Tafel",IF(AND(N(G26)=0,B26>0),"Zuschnitt prüfen (Teil passt nicht quer/längs)","OK")))))) | O26: =IF(A26="","",IFERROR(INDEX(L_TafelB,MATCH(E26,L_Tafel,0)),"")) | P26: =IF(A26="","",IFERROR(INDEX(L_TafelL,MATCH(E26,L_Tafel,0)),""))
A27: =IFERROR(INDEX(Positionen!$T$6:$T$205,MATCH(19,Positionen!$W$6:$W$205,0)),"") | B27: =IF(A27="","",SUMIFS(Positionen!$L$6:$L$205,Positionen!$T$6:$T$205,A27)) | C27: =IF(A27="","",P_VERSCHNITT) | D27: =IF(A27="","",B27*(1+C27)) | E27: =IF(A27="","",P_TAFEL) | F27: =IF(OR(A27="",N(B27)=0,O27="",P27=""),"",ROUNDUP(D27/(O27*P27/1000000),0)) | G27: =IF(A27="","",IF(SUMIFS(Positionen!$AB$6:$AB$205,Positionen!$T$6:$T$205,A27)=0,"",SUMIFS(Positionen!$AB$6:$AB$205,Positionen!$T$6:$T$205,A27))) | H27: =IF(F27="","",MAX(F27,N(G27))) | I27: =IF(H27="","",IFERROR(H27*O27*P27/1000000*INDEX(Positionen!$Q$6:$Q$205,MATCH(A27,Positionen!$T$6:$T$205,0))*INDEX(L_Dichte,MATCH(INDEX(Positionen!$P$6:$P$205,MATCH(A27,Positionen!$T$6:$T$205,0)),L_Material,0)),"")) | J27: =IF(N(B27)=0,"",_xlfn.MAXIFS(Positionen!$G$6:$G$205,Positionen!$T$6:$T$205,A27)) | K27: =IF(N(B27)=0,"",_xlfn.MAXIFS(Positionen!$F$6:$F$205,Positionen!$T$6:$T$205,A27)) | L27: =IF(A27="","",IF(N(B27)=0,"nur Stückteile – kein Tafelbedarf",IF(O27="","Tafelformat unbekannt – Stammdaten prüfen",IF(J27>MAX(O27,P27),"⚠ Länge > Tafel – stossen / Coil",IF(K27>MAX(O27,P27),"⚠ Abwicklung > Tafel",IF(AND(N(G27)=0,B27>0),"Zuschnitt prüfen (Teil passt nicht quer/längs)","OK")))))) | O27: =IF(A27="","",IFERROR(INDEX(L_TafelB,MATCH(E27,L_Tafel,0)),"")) | P27: =IF(A27="","",IFERROR(INDEX(L_TafelL,MATCH(E27,L_Tafel,0)),""))
A28: =IFERROR(INDEX(Positionen!$T$6:$T$205,MATCH(20,Positionen!$W$6:$W$205,0)),"") | B28: =IF(A28="","",SUMIFS(Positionen!$L$6:$L$205,Positionen!$T$6:$T$205,A28)) | C28: =IF(A28="","",P_VERSCHNITT) | D28: =IF(A28="","",B28*(1+C28)) | E28: =IF(A28="","",P_TAFEL) | F28: =IF(OR(A28="",N(B28)=0,O28="",P28=""),"",ROUNDUP(D28/(O28*P28/1000000),0)) | G28: =IF(A28="","",IF(SUMIFS(Positionen!$AB$6:$AB$205,Positionen!$T$6:$T$205,A28)=0,"",SUMIFS(Positionen!$AB$6:$AB$205,Positionen!$T$6:$T$205,A28))) | H28: =IF(F28="","",MAX(F28,N(G28))) | I28: =IF(H28="","",IFERROR(H28*O28*P28/1000000*INDEX(Positionen!$Q$6:$Q$205,MATCH(A28,Positionen!$T$6:$T$205,0))*INDEX(L_Dichte,MATCH(INDEX(Positionen!$P$6:$P$205,MATCH(A28,Positionen!$T$6:$T$205,0)),L_Material,0)),"")) | J28: =IF(N(B28)=0,"",_xlfn.MAXIFS(Positionen!$G$6:$G$205,Positionen!$T$6:$T$205,A28)) | K28: =IF(N(B28)=0,"",_xlfn.MAXIFS(Positionen!$F$6:$F$205,Positionen!$T$6:$T$205,A28)) | L28: =IF(A28="","",IF(N(B28)=0,"nur Stückteile – kein Tafelbedarf",IF(O28="","Tafelformat unbekannt – Stammdaten prüfen",IF(J28>MAX(O28,P28),"⚠ Länge > Tafel – stossen / Coil",IF(K28>MAX(O28,P28),"⚠ Abwicklung > Tafel",IF(AND(N(G28)=0,B28>0),"Zuschnitt prüfen (Teil passt nicht quer/längs)","OK")))))) | O28: =IF(A28="","",IFERROR(INDEX(L_TafelB,MATCH(E28,L_Tafel,0)),"")) | P28: =IF(A28="","",IFERROR(INDEX(L_TafelL,MATCH(E28,L_Tafel,0)),""))
A29: =IFERROR(INDEX(Positionen!$T$6:$T$205,MATCH(21,Positionen!$W$6:$W$205,0)),"") | B29: =IF(A29="","",SUMIFS(Positionen!$L$6:$L$205,Positionen!$T$6:$T$205,A29)) | C29: =IF(A29="","",P_VERSCHNITT) | D29: =IF(A29="","",B29*(1+C29)) | E29: =IF(A29="","",P_TAFEL) | F29: =IF(OR(A29="",N(B29)=0,O29="",P29=""),"",ROUNDUP(D29/(O29*P29/1000000),0)) | G29: =IF(A29="","",IF(SUMIFS(Positionen!$AB$6:$AB$205,Positionen!$T$6:$T$205,A29)=0,"",SUMIFS(Positionen!$AB$6:$AB$205,Positionen!$T$6:$T$205,A29))) | H29: =IF(F29="","",MAX(F29,N(G29))) | I29: =IF(H29="","",IFERROR(H29*O29*P29/1000000*INDEX(Positionen!$Q$6:$Q$205,MATCH(A29,Positionen!$T$6:$T$205,0))*INDEX(L_Dichte,MATCH(INDEX(Positionen!$P$6:$P$205,MATCH(A29,Positionen!$T$6:$T$205,0)),L_Material,0)),"")) | J29: =IF(N(B29)=0,"",_xlfn.MAXIFS(Positionen!$G$6:$G$205,Positionen!$T$6:$T$205,A29)) | K29: =IF(N(B29)=0,"",_xlfn.MAXIFS(Positionen!$F$6:$F$205,Positionen!$T$6:$T$205,A29)) | L29: =IF(A29="","",IF(N(B29)=0,"nur Stückteile – kein Tafelbedarf",IF(O29="","Tafelformat unbekannt – Stammdaten prüfen",IF(J29>MAX(O29,P29),"⚠ Länge > Tafel – stossen / Coil",IF(K29>MAX(O29,P29),"⚠ Abwicklung > Tafel",IF(AND(N(G29)=0,B29>0),"Zuschnitt prüfen (Teil passt nicht quer/längs)","OK")))))) | O29: =IF(A29="","",IFERROR(INDEX(L_TafelB,MATCH(E29,L_Tafel,0)),"")) | P29: =IF(A29="","",IFERROR(INDEX(L_TafelL,MATCH(E29,L_Tafel,0)),""))
A30: =IFERROR(INDEX(Positionen!$T$6:$T$205,MATCH(22,Positionen!$W$6:$W$205,0)),"") | B30: =IF(A30="","",SUMIFS(Positionen!$L$6:$L$205,Positionen!$T$6:$T$205,A30)) | C30: =IF(A30="","",P_VERSCHNITT) | D30: =IF(A30="","",B30*(1+C30)) | E30: =IF(A30="","",P_TAFEL) | F30: =IF(OR(A30="",N(B30)=0,O30="",P30=""),"",ROUNDUP(D30/(O30*P30/1000000),0)) | G30: =IF(A30="","",IF(SUMIFS(Positionen!$AB$6:$AB$205,Positionen!$T$6:$T$205,A30)=0,"",SUMIFS(Positionen!$AB$6:$AB$205,Positionen!$T$6:$T$205,A30))) | H30: =IF(F30="","",MAX(F30,N(G30))) | I30: =IF(H30="","",IFERROR(H30*O30*P30/1000000*INDEX(Positionen!$Q$6:$Q$205,MATCH(A30,Positionen!$T$6:$T$205,0))*INDEX(L_Dichte,MATCH(INDEX(Positionen!$P$6:$P$205,MATCH(A30,Positionen!$T$6:$T$205,0)),L_Material,0)),"")) | J30: =IF(N(B30)=0,"",_xlfn.MAXIFS(Positionen!$G$6:$G$205,Positionen!$T$6:$T$205,A30)) | K30: =IF(N(B30)=0,"",_xlfn.MAXIFS(Positionen!$F$6:$F$205,Positionen!$T$6:$T$205,A30)) | L30: =IF(A30="","",IF(N(B30)=0,"nur Stückteile – kein Tafelbedarf",IF(O30="","Tafelformat unbekannt – Stammdaten prüfen",IF(J30>MAX(O30,P30),"⚠ Länge > Tafel – stossen / Coil",IF(K30>MAX(O30,P30),"⚠ Abwicklung > Tafel",IF(AND(N(G30)=0,B30>0),"Zuschnitt prüfen (Teil passt nicht quer/längs)","OK")))))) | O30: =IF(A30="","",IFERROR(INDEX(L_TafelB,MATCH(E30,L_Tafel,0)),"")) | P30: =IF(A30="","",IFERROR(INDEX(L_TafelL,MATCH(E30,L_Tafel,0)),""))
A31: =IFERROR(INDEX(Positionen!$T$6:$T$205,MATCH(23,Positionen!$W$6:$W$205,0)),"") | B31: =IF(A31="","",SUMIFS(Positionen!$L$6:$L$205,Positionen!$T$6:$T$205,A31)) | C31: =IF(A31="","",P_VERSCHNITT) | D31: =IF(A31="","",B31*(1+C31)) | E31: =IF(A31="","",P_TAFEL) | F31: =IF(OR(A31="",N(B31)=0,O31="",P31=""),"",ROUNDUP(D31/(O31*P31/1000000),0)) | G31: =IF(A31="","",IF(SUMIFS(Positionen!$AB$6:$AB$205,Positionen!$T$6:$T$205,A31)=0,"",SUMIFS(Positionen!$AB$6:$AB$205,Positionen!$T$6:$T$205,A31))) | H31: =IF(F31="","",MAX(F31,N(G31))) | I31: =IF(H31="","",IFERROR(H31*O31*P31/1000000*INDEX(Positionen!$Q$6:$Q$205,MATCH(A31,Positionen!$T$6:$T$205,0))*INDEX(L_Dichte,MATCH(INDEX(Positionen!$P$6:$P$205,MATCH(A31,Positionen!$T$6:$T$205,0)),L_Material,0)),"")) | J31: =IF(N(B31)=0,"",_xlfn.MAXIFS(Positionen!$G$6:$G$205,Positionen!$T$6:$T$205,A31)) | K31: =IF(N(B31)=0,"",_xlfn.MAXIFS(Positionen!$F$6:$F$205,Positionen!$T$6:$T$205,A31)) | L31: =IF(A31="","",IF(N(B31)=0,"nur Stückteile – kein Tafelbedarf",IF(O31="","Tafelformat unbekannt – Stammdaten prüfen",IF(J31>MAX(O31,P31),"⚠ Länge > Tafel – stossen / Coil",IF(K31>MAX(O31,P31),"⚠ Abwicklung > Tafel",IF(AND(N(G31)=0,B31>0),"Zuschnitt prüfen (Teil passt nicht quer/längs)","OK")))))) | O31: =IF(A31="","",IFERROR(INDEX(L_TafelB,MATCH(E31,L_Tafel,0)),"")) | P31: =IF(A31="","",IFERROR(INDEX(L_TafelL,MATCH(E31,L_Tafel,0)),""))
A32: =IFERROR(INDEX(Positionen!$T$6:$T$205,MATCH(24,Positionen!$W$6:$W$205,0)),"") | B32: =IF(A32="","",SUMIFS(Positionen!$L$6:$L$205,Positionen!$T$6:$T$205,A32)) | C32: =IF(A32="","",P_VERSCHNITT) | D32: =IF(A32="","",B32*(1+C32)) | E32: =IF(A32="","",P_TAFEL) | F32: =IF(OR(A32="",N(B32)=0,O32="",P32=""),"",ROUNDUP(D32/(O32*P32/1000000),0)) | G32: =IF(A32="","",IF(SUMIFS(Positionen!$AB$6:$AB$205,Positionen!$T$6:$T$205,A32)=0,"",SUMIFS(Positionen!$AB$6:$AB$205,Positionen!$T$6:$T$205,A32))) | H32: =IF(F32="","",MAX(F32,N(G32))) | I32: =IF(H32="","",IFERROR(H32*O32*P32/1000000*INDEX(Positionen!$Q$6:$Q$205,MATCH(A32,Positionen!$T$6:$T$205,0))*INDEX(L_Dichte,MATCH(INDEX(Positionen!$P$6:$P$205,MATCH(A32,Positionen!$T$6:$T$205,0)),L_Material,0)),"")) | J32: =IF(N(B32)=0,"",_xlfn.MAXIFS(Positionen!$G$6:$G$205,Positionen!$T$6:$T$205,A32)) | K32: =IF(N(B32)=0,"",_xlfn.MAXIFS(Positionen!$F$6:$F$205,Positionen!$T$6:$T$205,A32)) | L32: =IF(A32="","",IF(N(B32)=0,"nur Stückteile – kein Tafelbedarf",IF(O32="","Tafelformat unbekannt – Stammdaten prüfen",IF(J32>MAX(O32,P32),"⚠ Länge > Tafel – stossen / Coil",IF(K32>MAX(O32,P32),"⚠ Abwicklung > Tafel",IF(AND(N(G32)=0,B32>0),"Zuschnitt prüfen (Teil passt nicht quer/längs)","OK")))))) | O32: =IF(A32="","",IFERROR(INDEX(L_TafelB,MATCH(E32,L_Tafel,0)),"")) | P32: =IF(A32="","",IFERROR(INDEX(L_TafelL,MATCH(E32,L_Tafel,0)),""))
